İlan Tarihi,İlan no,Net m²,Brüt m²,Oda Sayısı,Banyo Sayısı,Binadaki Kat Sayısı,Isıtma Tipi,Konut Şekli,Bulunduğu Kat,Bina Yaşı,"Görüntülü Ev Gezintisi
?",Mobilya Durumu,Kullanım Durumu,Depozito,Aidat,Krediye Uygun,Price,m²,Bölüm/Oda Sayısı,Kimden,Tapu Durumu,Yapının Durumu,Devren,Hayvan Dostu Patili Evler,Yapı Tipi,Kat Yüksekliği,Arsa Alanı,Kapalı Alan,Tavan Yüksekliği,Zemin Etüdlü,Dış Cephe,İmar Durumu,Ada,Parsel,Kapasite,Takasa Uygun,Parselli
5 Aralık 2023,4841963,105,130m²,3+1,2,10,Klima,Ara Kat,6,6-10 arası,?,Eşyalı (Mobilyalı),Boş,0 TL,0 TL (aylık),Hayır,55.000 TL,,,,,,,,,,,,,,,,,,,,
5 Aralık 2023,4805363,,,,,,Kombi (Doğalgaz),,5,11-15 arası,,,,34.000 TL,0 TL (aylık),Hayır,17.500 TL,170m²,,,,,,,,,,,,,,,,,,,
5 Aralık 2023,4841134,-,,,,,Soba (Kömür),,,6-10 arası,,,,0 TL,0 TL (aylık),Hayır,21.500.000 TL,200m²,,,,,,,,,,,,,,,,,,,
5 Aralık 2023,4840931,58,79m²,2+1,1,8,Merkezi Sistem (Isı Payı Ölçer),Ara Kat,7,0,?,Eşyasız,Boş,0 TL,0 TL (aylık),Hayır,20.000 TL,,,,,,,,,,,,,,,,,,,,
5 Aralık 2023,4948471,22,,,,,Klima,,,,,,,0 TL,0 TL (aylık),Hayır,1.690.000 TL,23m²,2,,,,,,,,,,,,,,,,,,
5 Aralık 2023,4656677,180,221m²,3+1,2,20 ve üzeri,Klima,Ara Kat,20 ve üzeri,0,?,Sadece Beyaz Eşya,Boş,0 TL,0 TL (aylık),Hayır,200.000 TL,,,Danışman,Kat Mülkiyeti,,,,,,,,,,,,,,,,
5 Aralık 2023,4405977,105,130m²,3+1,1,5,Merkezi Sistem,Ara Kat,2,26-30 arası,?,Eşyalı (Mobilyalı),Boş,,,Hayır,55.000 TL,,,Danışman,,,,,,,,,,,,,,,,,
5 Aralık 2023,4948009,65,75m²,1+1,1,5,,En Üst Kat,5,11-15 arası,?,Sadece Beyaz Eşya,Boş,0 TL,100 TL (aylık),Hayır,12.000 TL,,,,,,,,,,,,,,,,,,,,
5 Aralık 2023,4975590,90,100m²,2+1,1,5,Soba (Doğalgaz),Ara Kat,2,26-30 arası,?,Eşyasız,Boş,8.300 TL,50 TL (aylık),Hayır,8.300 TL,,,Danışman,,İkinci El,,,,,,,,,,,,,,,
6 Aralık 2023,4908639,-,,,,,Merkezi Sistem,,,,,,,0 TL,0 TL (aylık),Hayır,42.000 TL,120m²,2,,,,,,,,,,,,,,,,,,
6 Aralık 2023,4876925,155,180m²,3+1,2,4,Kombi (Doğalgaz),Ara Kat,3,11-15 arası,?,Eşyalı (Mobilyalı),Boş,,,Hayır,90.000 TL,,,Danışman,,,,,,,,,,,,,,,,,
5 Aralık 2023,4975599,70,,,,4,Kombi (Doğalgaz),,Giriş Katı,6-10 arası,,,Kiracılı,,,Hayır,250.000 TL,75m²,2,Danışman,Kat İrtifakı,,Evet,,,,,,,,,,,,,,
6 Aralık 2023,4949273,150,160m²,4+1,2,,,,,,,,,,,Hayır,17.500 TL,,,,,,,,,,,,,,,,,,,,
5 Aralık 2023,4948013,65,75m²,1+1,1,10-20 arası,Yerden Isıtma,Ara Kat,9,0,?,Sadece Beyaz Eşya,Boş,0 TL,450 TL (aylık),Hayır,23.000 TL,,,,,,,,,,,,,,,,,,,,
5 Aralık 2023,4778286,,,,,8,,,4,0,,,Boş,60.000 TL,1.950 TL (aylık),Hayır,30.000 TL,76m²,1,Danışman,,,,,,,,,,,,,,,,,
6 Aralık 2023,4908650,90,95m²,2+1,1,5,Klima,Ara Kat,2,21-25 arası,?,Eşyasız,Boş,,,Hayır,10.000 TL,,,Danışman,,,,Evet,,,,,,,,,,,,,
5 Aralık 2023,4975551,110,125m²,3+1,2,10-20 arası,Kombi (Doğalgaz),,4,6-10 arası,?,Sadece Mutfak,Boş,46.000 TL,1.675 TL (aylık),Hayır,23.000 TL,,,Danışman,,İkinci El,,,,,,,,,,,,,,,
5 Aralık 2023,4906789,,,,,,Kombi (Doğalgaz),,3,16-20 arası,,,,21.000 TL,0 TL (aylık),Hayır,10.500 TL,55m²,,Danışman,,,,,,,,,,,,,,,,,
5 Aralık 2023,4975581,,,,,,,,,,,,,,,Hayır,40.000 TL,270m²,,Danışman,,,,,,,,,,,,,,,,,
5 Aralık 2023,4776862,,,,,5,Yok,,,36-40 arası,,,Boş,,,Hayır,185.000 TL,310m²,,Danışman,,İkinci El,,,Betonarme,,,,,,,,,,,,
5 Aralık 2023,4975410,118,170m²,3+1,2,20 ve üzeri,Merkezi Sistem (Isı Payı Ölçer),Ara Kat,18,4,?,Eşyasız,Boş,,,Hayır,35.000 TL,,,,,,,,,,,,,,,,,,,,
5 Aralık 2023,4775790,,,,,,Merkezi Sistem (Isı Payı Ölçer),,5,3,,,,0 TL,0 TL (aylık),Hayır,19.000 TL,77m²,,,,,,,,,,,,,,,,,,,
5 Aralık 2023,4975350,450,500m²,5+2,2,3,Merkezi Sistem (Isı Payı Ölçer),Tripleks,Müstakil,16-20 arası,?,Eşyasız,Boş,,,Hayır,270.000 TL,,,Danışman,,İkinci El,,,,,,,,,,,,,,,
5 Aralık 2023,4948362,100,110m²,2+1,1,4,Kombi (Doğalgaz),Ara Kat,2,11-15 arası,?,Eşyasız,Boş,30.000 TL,,Hayır,15.500 TL,,,Danışman,,Sıfır,,,,,,,,,,,,,,,
5 Aralık 2023,4535404,,,,,,Kombi (Doğalgaz),,3,2,,,,17.000 TL undefined,0 TL (aylık),Hayır,14.000 TL,80m²,,,,,,,,,,,,,,,,,,,
6 Aralık 2023,4975770,60,72m²,1+1,1,20 ve üzeri,Merkezi Sistem,Ara Kat,13,11-15 arası,,Eşyalı (Mobilyalı),Boş,0 TL,0 TL (aylık),Hayır,35.990 TL,,,,,,,,,,,,,,,,,,,,
6 Aralık 2023,4975804,85,90m²,1+1,1,20 ve üzeri,Merkezi Sistem (Isı Payı Ölçer),Ara Kat,16,4,,Eşyalı (Mobilyalı),Boş,0 TL,0 TL (aylık),Hayır,39.490 TL,,,,,,,,,,,,,,,,,,,,
6 Aralık 2023,4975812,77,90m²,1+1,1,20 ve üzeri,Merkezi Sistem,Ara Kat,16,4,,Eşyalı (Mobilyalı),Boş,0 TL,0 TL (aylık),Hayır,41.490 TL,,,,,,,,,,,,,,,,,,,,
6 Aralık 2023,4975827,47,54m²,1+0 (Stüdyo),1,20 ve üzeri,Merkezi Sistem (Isı Payı Ölçer),Ara Kat,14,4,,Eşyalı (Mobilyalı),Boş,0 TL,0 TL (aylık),Hayır,33.990 TL,,,,,,,,,,,,,,,,,,,,
5 Aralık 2023,4740774,70,,,,,Kombi (Doğalgaz),,,31-35 arası,,,,0 TL,0 TL (aylık),Hayır,1.490.000 TL,90m²,,,,,,,,,,,,,,,,,,,
5 Aralık 2023,4734121,60,70m²,1+0 (Stüdyo),1,4,Klima,,1,31-35 arası,,,Boş,20.000 TL,,Hayır,10.000 TL,,,,,İkinci El,,,,,,,,,,,,,,,
6 Aralık 2023,4908954,140,150m²,3+1,1,,Kombi (Doğalgaz),Ara Kat,3,,,Eşyasız,Boş,,,Hayır,9.000 TL,,,Danışman,,İkinci El,,,,,,,,,,,,,,,
6 Aralık 2023,4908978,100,110m²,2+1,1,4,Kombi (Doğalgaz),,3,16-20 arası,,,Boş,,,Hayır,9.500 TL,,,Danışman,,,,,,,,,,,,,,,,,
5 Aralık 2023,4975319,120,140m²,2+1,1,,,,,,,,,,,Hayır,10.000 TL,,,,,,,,,,,,,,,,,,,,
5 Aralık 2023,4891350,80,90m²,2+1,1,4,,,4,11-15 arası,?,Eşyasız,Boş,0 TL,0 TL (aylık),Hayır,12.500 TL,,,,,,,,,,,,,,,,,,,,
5 Aralık 2023,4948678,90,100m²,2+1,1,9,,Ara Kat,7,3,?,Eşyasız,Boş,0 TL,0 TL (aylık),Hayır,18.000 TL,,,,,,,,,,,,,,,,,,,,
7 Aralık 2023,4611904,,,,,,,,,,,,,,,Hayır,2.750 TL,70m²,,,,,,,,,,,,,,,,,,,
5 Aralık 2023,4906702,240,260m²,4+2,3,4,Kombi (Doğalgaz),Çatı Dubleksi,4,,?,Eşyasız,Boş,,200 TL (aylık),Hayır,18.000 TL,,,Danışman,Kat Mülkiyeti,Sıfır,,Evet,,,,,,,,,,,,,
5 Aralık 2023,4973955,125,155m²,3+1,2,10,Merkezi Sistem (Isı Payı Ölçer),Ara Kat,3,6-10 arası,?,Eşyasız,Boş,,,Hayır,28.000 TL,,,Danışman,,,,,,,,,,,,,,,,,
5 Aralık 2023,4974815,130,180m²,3+1,2,10-20 arası,Merkezi Sistem (Isı Payı Ölçer),Ara Kat,15,6-10 arası,,Eşyasız,Boş,0 TL,0 TL (aylık),Hayır,19.500 TL,,,,,,,,,,,,,,,,,,,,
5 Aralık 2023,4975245,65,75m²,2+1,1,10-20 arası,Kombi (Doğalgaz),Ara Kat,5,,?,Eşyalı (Mobilyalı),Boş,,550 TL (aylık),Hayır,16.500 TL,,,Danışman,Kat Mülkiyeti,İkinci El,,,,,,,,,,,,,,,
5 Aralık 2023,4975248,100,120m²,2+1,1,,,,,,,,,,,Hayır,16.000 TL,,,,,,,,,,,,,,,,,,,,
5 Aralık 2023,4907473,,,,,5,Kombi (Doğalgaz),,3,16-20 arası,,,Boş,0 TL,0 TL (aylık),Hayır,70.000 TL,660m²,3,,Kat Mülkiyeti,,,,,,,,,,,,,,,,
5 Aralık 2023,4805682,85,,,,5,Klima,,Giriş Katı,0,,,Boş,0 TL,0 TL (aylık),Hayır,95.000 TL,100m²,1,,,,,,,,,,,,,,,,,,
5 Aralık 2023,4975061,90,95m²,2+1,1,5,Kombi (Doğalgaz),Ara Kat,1,21-25 arası,?,,Boş,10.000 TL,,Hayır,10.000 TL,,,Danışman,,İkinci El,,,,,,,,,,,,,,,
6 Aralık 2023,4802750,100,120m²,2+1,2,10-20 arası,,,12,16-20 arası,?,Eşyasız,Boş,0 TL,0 TL (aylık),Hayır,13.000 TL,,,,,,,,,,,,,,,,,,,,
7 Aralık 2023,4745920,-,,,,,,,,,,,,0 TL undefined,0 TL (aylık),Hayır,325.000 TL,720m²,,,,,,,,,,,,,,,,,,,
7 Aralık 2023,4746014,-,720m²,,,,,,,,,,,0 TL,,Hayır,325.000 TL,,,,,,,,,,,,,,,,,,,,
5 Aralık 2023,4741471,90,127m²,2+1,2,20 ve üzeri,Merkezi Sistem (Isı Payı Ölçer),Ara Kat,14,6-10 arası,?,Eşyalı (Mobilyalı),Boş,0 TL,0 TL (aylık),Hayır,40.000 TL,,,,,,,,,,,,,,,,,,,,
5 Aralık 2023,3676904,90,98m²,2+1,1,,,,,,,,,,,Hayır,46.000 TL,,,,,,,,,,,,,,,,,,,,
5 Aralık 2023,4948073,110,140m²,3+1,2,5,,Ara Kat,1,31-35 arası,?,Eşyasız,Boş,0 TL,0 TL (aylık),Hayır,27.500 TL,,,,,,,,,,,,,,,,,,,,
5 Aralık 2023,3914088,100,105m²,2+1,1,8,Klima,Ara Kat,1,6-10 arası,?,Sadece Beyaz Eşya,Boş,0 TL,0 TL (aylık),Hayır,80.000 TL,,,,,,,,,,,,,,,,,,,,
5 Aralık 2023,4267468,,,,,20 ve üzeri,Fancoil,,Giriş Katı,16-20 arası,,,Boş,0 TL,0 TL (aylık),Hayır,450.000 TL,740m²,,Danışman,Kat Mülkiyeti,,,,,,,,,,,,,,,,
5 Aralık 2023,4907321,135,145m²,3+1,1,4,,,Yüksek Giriş,26-30 arası,?,Eşyasız,Boş,0 TL,0 TL (aylık),Hayır,22.000 TL,,,,,,,,,,,,,,,,,,,,
5 Aralık 2023,4907325,130,145m²,2+1,1,4,,,2,26-30 arası,?,Eşyasız,Boş,0 TL,0 TL (aylık),Hayır,21.500 TL,,,,,,,,,,,,,,,,,,,,
5 Aralık 2023,4907335,80,85m²,2+1,1,3,,,Giriş Katı,26-30 arası,?,Eşyalı (Mobilyalı),Boş,0 TL undefined,0 TL (aylık),Hayır,25.000 TL,,,,,,,,,,,,,,,,,,,,
5 Aralık 2023,4776031,140,180m²,4+1,3,8,,,3,21-25 arası,?,Eşyasız,Boş,0 TL,600 TL (aylık),Hayır,33.500 TL,,,,,,,,,,,,,,,,,,,,
5 Aralık 2023,4907088,75,90m²,2+1,1,,,,,,,,,,,Hayır,32.000 TL,,,,,,,,,,,,,,,,,,,,
5 Aralık 2023,4975594,70,80m²,2+1,1,,,,,,,,,,,Hayır,22.000 TL,,,,,,,,,,,,,,,,,,,,
5 Aralık 2023,2902156,260,347m²,2+1,2,20 ve üzeri,Merkezi Sistem,Ara Kat,20 ve üzeri,11-15 arası,?,Eşyalı (Mobilyalı),Boş,18.000 USD,,Hayır,510.480 TL,,,Danışman,,İkinci El,,Evet,,,,,,,,,,,,,
5 Aralık 2023,4657985,90,110m²,2+1,1,5,,Intermediate Floor,4,Between 31-35,?,Unfurnished,Vacant,0 TL undefined,0 TL (aylık),Hayır,25.000 TL,,,,,,,,,,,,,,,,,,,,
5 Aralık 2023,4907699,70,90m²,2+1,1,10-20 arası,Merkezi Sistem,Ara Kat,7,6-10 arası,?,Eşyalı (Mobilyalı),Boş,45.000 TL,,Hayır,45.000 TL,,,Danışman,,İkinci El,,,,,,,,,,,,,,,
5 Aralık 2023,4948572,120,135m²,3+1,1,,,,,,,,,,,Hayır,19.500 TL,,,,,,,,,,,,,,,,,,,,
5 Aralık 2023,4975285,100,120m²,2+1,1,,,,,,,,,,,Hayır,8.500 TL,,,,,,,,,,,,,,,,,,,,
5 Aralık 2023,4843188,220,330m²,4+1,3,4,Merkezi Sistem,Bahçe Dubleksi,Bahçe katı,21-25 arası,?,Eşyasız,Boş,,,Hayır,150.000 TL,,,Danışman,,İkinci El,,,,,,,,,,,,,,,
5 Aralık 2023,4354464,50,,,,,Yok,,,,,,,0 TL,0 TL (aylık),Hayır,12.000 TL,55m²,1,,,,,,,,,,,,,,,,,,
5 Aralık 2023,4478081,,,,,10-20 arası,,,Komple,1,,,Boş,,0 TL (aylık),Hayır,1.750.000 TL,13530m²,21-30 arası,Danışman,İskanı Alınmış,,,,,4 (metre),,,,,,,,,,,
5 Aralık 2023,4615822,750,,,,5,Kombi (Doğalgaz),,Giriş Katı,2,,,Boş,300.000 TL,0 TL (aylık),Hayır,275.000 TL,1350m²,3,Danışman,,,,,,,,,,,,,,,,,
5 Aralık 2023,4907729,60,80m²,1+1,2,10-20 arası,Merkezi Sistem,Ara Kat,4,6-10 arası,?,Eşyalı (Mobilyalı),Boş,35.000 TL,,Hayır,35.000 TL,,,Danışman,,İkinci El,,,,,,,,,,,,,,,
5 Aralık 2023,4975412,150,,,,5,Kombi (Doğalgaz),,Giriş Katı,,,,Boş,,,Hayır,30.000 TL,170m²,1,Danışman,Kat Mülkiyeti,,,,,,,,,,,,,,,,
5 Aralık 2023,4975009,65,80m²,2+1,2,20 ve üzeri,Merkezi Sistem (Isı Payı Ölçer),Ara Kat,12,4,,Eşyalı (Mobilyalı),Boş,50.000 TL,0 TL (aylık),Hayır,26.000 TL,,,,,,,,,,,,,,,,,,,,
5 Aralık 2023,4907531,140,176m²,3+1,2,Between 10-20,Air Conditioner,,Garden Floor,4,?,Unfurnished,Vacant,0 TL,0 TL (aylık),Hayır,35.000 TL,,,,,,,,,,,,,,,,,,,,
5 Aralık 2023,4907317,90,95m²,2+1,1,4,,,Giriş Katı,26-30 arası,?,Eşyalı (Mobilyalı),Boş,0 TL,0 TL (aylık),Hayır,15.000 TL,,,,,,,,,,,,,,,,,,,,
4 Aralık 2023,4974690,250,,,,,Yok,,,6-10 arası,,,,0 TL,0 TL (aylık),Hayır,34.950 TL,270m²,2,,,,,,,,,,,,,,,,,,
5 Aralık 2023,3858625,80,83m²,1+1,0,20 ve üzeri,Klima,Ara Kat,1,1,?,Sadece Beyaz Eşya,Boş,0 TL,0 TL (aylık),Hayır,40.000 TL,,,,,,,,,,,,,,,,,,,,
5 Aralık 2023,4975056,65,70m²,1+1,1,5,Kombi (Doğalgaz),Giriş Kat,Yüksek Giriş,21-25 arası,?,,Boş,6.500 TL,,Hayır,6.500 TL,,,Danışman,,İkinci El,,,,,,,,,,,,,,,
5 Aralık 2023,4354462,150,,,,,Klima,,,,,,,0 TL,728 TL (aylık),Hayır,20.000 TL,155m²,6,,,,,,,,,,,,,,,,,,
5 Aralık 2023,4948332,90,100m²,2+1,1,4,Kombi (Doğalgaz),Ara Kat,1,6-10 arası,?,Eşyalı (Mobilyalı),Boş,,17.000 TL (aylık),Hayır,17.000 TL,,,Danışman,,Sıfır,,,,,,,,,,,,,,,
4 Aralık 2023,4974627,252,349m²,4+1,3,20 ve üzeri,Merkezi Sistem (Isı Payı Ölçer),Ara Kat,20 ve üzeri,0,,Eşyasız,Boş,570.000 TL,16.700 TL (aylık),Hayır,285.000 TL,,,Danışman,,,,,,,,,,,,,,,,,
5 Aralık 2023,4975608,80,81m²,2+1,1,,,,,,,,,,,Hayır,12.000 TL,,,,,,,,,,,,,,,,,,,,
4 Aralık 2023,4930945,,,,,,Kombi (Doğalgaz),,2,6-10 arası,,,Boş,0 TL,0 TL (aylık),Hayır,175.000 TL,400m²,,Danışman,,,,,,,,,,,,,,,,,
5 Aralık 2023,4948771,150,170m²,3+1,2,5,Kombi (Doğalgaz),Ara Kat,1,16-20 arası,,Sadece Beyaz Eşya,Boş,160.000 TL,,Hayır,80.000 TL,,,Danışman,,İkinci El,,,,,,,,,,,,,,,
5 Aralık 2023,4906410,120,125m²,2+1,1,4,Kombi (Doğalgaz),Ara Kat,1,,?,Eşyasız,Boş,,,Hayır,13.000 TL,,,Danışman,,İkinci El,,,,,,,,,,,,,,,
5 Aralık 2023,4974812,125,180m²,3+1,2,10-20 arası,Merkezi Sistem (Isı Payı Ölçer),,15,6-10 arası,,Eşyalı (Mobilyalı),Boş,0 TL,0 TL (aylık),Hayır,22.000 TL,,,,,,,,,,,,,,,,,,,,
5 Aralık 2023,4975010,105,135m²,3+1,2,10-20 arası,,Ara Kat,12,1,,Eşyasız,Boş,40.000 TL,0 TL (aylık),Hayır,20.000 TL,,,,,,,,,,,,,,,,,,,,
4 Aralık 2023,4974394,250,310m²,7+1,3,2,Klima,Ara Kat,Müstakil,6-10 arası,,Eşyalı (Mobilyalı),Boş,100.000 TL,0 TL (aylık),Hayır,100.000 TL,,,Danışman,,İkinci El,,,,,,,,,,,,,,,
6 Aralık 2023,4975933,,,,,,Klima,,3,11-15 arası,,,Boş,0 TL undefined,0 TL (aylık),Hayır,10.000 TL,45m²,,,,,,,,,,,,,,,,,,,
5 Aralık 2023,4974822,135,155m²,2+1,2,10-20 arası,Merkezi Sistem (Isı Payı Ölçer),,7,6-10 arası,,Eşyasız,Boş,0 TL undefined,0 TL (aylık),Hayır,29.500 TL,,,,,,,,,,,,,,,,,,,,
5 Aralık 2023,4225400,110,125m²,2+1,1,20 ve üzeri,Yok,Ara Kat,11,11-15 arası,?,Eşyalı (Mobilyalı),Boş,,,Hayır,42.540 TL,,,Danışman,,İkinci El,,,,,,,,,,,,,,,
5 Aralık 2023,3587398,370,385m²,3+1,3,4,Klima,En Üst Kat,4,16-20 arası,?,Sadece Beyaz Eşya,Boş,0 TL,0 TL (aylık),Hayır,280.000 TL,,,,,,,,,,,,,,,,,,,,
5 Aralık 2023,4354414,300,,,,1,Kombi (Elektrikli),,Zemin Kat,0,,,Boş,30.000 TL,1.300 TL (aylık),Hayır,30.000 TL,302m²,3,,Kat Mülkiyeti,,,,,,,,,,,,,,,,
4 Aralık 2023,4974345,80,100m²,2+1,1,3,Kombi (Doğalgaz),Bahçe Dubleksi,Yüksek Giriş,6-10 arası,?,Eşyasız,Boş,14.250 TL,0 TL (aylık),Hayır,14.250 TL,,,İnşaat Geliştirici,Kat İrtifakı,İkinci El,,Evet,,,,,,,,,,,,,
4 Aralık 2023,4974359,65,80m²,2+1,1,10-20 arası,,Ara Kat,6,21-25 arası,,Eşyalı (Mobilyalı),Boş,0 TL,1.950 TL (aylık),Hayır,25.500 TL,,,,,,,,,,,,,,,,,,,,
5 Aralık 2023,4948088,100,120m²,2+1,1,3,,,2,21-25 arası,?,Eşyasız,Boş,0 TL,100 TL (aylık),Hayır,16.000 TL,,,,,,,,,,,,,,,,,,,,
5 Aralık 2023,4907314,60,70m²,1+1,1,3,,,Giriş Katı,26-30 arası,?,Eşyalı (Mobilyalı),Boş,0 TL,0 TL (aylık),Hayır,12.500 TL,,,,,,,,,,,,,,,,,,,,
5 Aralık 2023,4842259,74,105m²,,,5,,,Giriş Katı,11-15 arası,,,Boş,0 TL,0 TL (aylık),Hayır,12.500 TL,,,,,,,,,,,,,,,,,,,,
5 Aralık 2023,4975302,120,125m²,3+1,1,7,Kombi (Doğalgaz),,Giriş Katı,26-30 arası,,Eşyasız,Boş,30.000 TL,550 TL (aylık),Hayır,15.000 TL,,,Danışman,,İkinci El,,,,,,,,,,,,,,,
4 Aralık 2023,4947516,90,,,,2,Klima,,1,4,,,Kiracılı,,,Hayır,650.000 TL,100m²,3,Danışman,,,Evet,,,,,,,,,,,,,,
5 Aralık 2023,4225251,100,120m²,1+1,1,,,,,,,,,,,Hayır,35.000 TL,,,,,,,,,,,,,,,,,,,,
5 Aralık 2023,4974806,160,220m²,3+1,2,10-20 arası,Merkezi Sistem (Isı Payı Ölçer),,12,6-10 arası,,Eşyalı (Mobilyalı),Boş,0 TL,0 TL (aylık),Hayır,30.000 TL,,,,,,,,,,,,,,,,,,,,
4 Aralık 2023,4946155,44,57m²,1+1,1,10-20 arası,Merkezi Sistem (Isı Payı Ölçer),Ara Kat,8,4,?,Eşyalı (Mobilyalı),Boş,64.000 TL,1.786 TL (aylık),Hayır,32.000 TL,,,Danışman,,İkinci El,,Evet,,,,,,,,,,,,,
5 Aralık 2023,4948380,95,100m²,2+1,1,4,Kombi (Doğalgaz),Ara Kat,2,21-25 arası,?,,Boş,25.000 TL,,Hayır,11.500 TL,,,Danışman,,İkinci El,,,,,,,,,,,,,,,
5 Aralık 2023,4948741,,,,,6,Soba (Kömür),,,21-25 arası,,,Kiracılı,14.500 TL,,Hayır,14.500 TL,140m²,,Danışman,Arsa Tapulu,İkinci El,,,,,150 (m²),150 (m²),2.5 (metre),Hayır,,,,,,,
5 Aralık 2023,4842255,82,110m²,,,5,,,1,21-25 arası,,,Boş,0 TL,100 TL (aylık),Hayır,12.000 TL,,,,,,,,,,,,,,,,,,,,
5 Aralık 2023,4975377,100,120m²,3+1,1,6,Kombi (Doğalgaz),,3,26-30 arası,?,Eşyasız,Boş,17.000 TL,0 TL (aylık),Hayır,17.000 TL,,,Danışman,,,,,,,,,,,,,,,,,
5 Aralık 2023,4907450,60,70m²,1+1,1,,,,,,,,,,,Hayır,22.000 TL,,,,,,,,,,,,,,,,,,,,
5 Aralık 2023,4907327,59,60m²,1+1,1,3,,,Giriş Katı,21-25 arası,?,Eşyalı (Mobilyalı),Boş,0 TL,0 TL (aylık),Hayır,17.000 TL,,,,,,,,,,,,,,,,,,,,
6 Aralık 2023,4975924,,,,,,,,,,,,,,,Hayır,65.000 TL,350m²,,,,,,,,,,,,,,,,,,,
5 Aralık 2023,4906436,120,130m²,3+1,1,,,,,,,,,,,Hayır,12.500 TL,,,,,,,,,,,,,,,,,,,,
4 Aralık 2023,4939792,110,128m²,1+1,1,20 ve üzeri,Klima,Ara Kat,20 ve üzeri,3,?,Sadece Beyaz Eşya,Boş,0 TL,0 TL (aylık),Hayır,75.000 TL,,,,,,,,,,,,,,,,,,,,
4 Aralık 2023,4947563,80,90m²,2+1,1,4,Kombi (Doğalgaz),Ara Kat,2,6-10 arası,?,Sadece Mutfak,Boş,12.000 TL,100 TL (aylık),Hayır,10.000 TL,,,Danışman,Kat İrtifakı,İkinci El,,,,,,,,,,,,,,,
4 Aralık 2023,4974113,,,,,6,Fancoil,,3,0,,,Boş,106.400 TL,0 TL (aylık),Hayır,53.200 TL,35m²,1,Danışman,,,,,,,,,,,,,,,,,
5 Aralık 2023,4741685,,,,,6,Kombi (Doğalgaz),,,11-15 arası,,,Boş,0 TL,,Hayır,150.000 TL,1000m²,,,,İkinci El,,,,,,,,Evet,Cam Giydirme,,,,,,
5 Aralık 2023,4710353,,,,,5,Merkezi Sistem,,4,26-30 arası,,,Boş,8.000 TL,,Hayır,4.500 TL,15m²,1,Danışman,Kat Mülkiyeti,,,,,,,,,,,,,,,,
5 Aralık 2023,4842266,75,90m²,,,4,,,4,21-25 arası,,,Boş,0 TL,200 TL (aylık),Hayır,13.000 TL,,,,,,,,,,,,,,,,,,,,
5 Aralık 2023,4840782,250,300m²,4+2,3,4,,Çatı Dubleksi,4,16-20 arası,?,Eşyasız,Boş,0 TL undefined,0 TL (aylık),Hayır,22.000 TL,,,,,,,,,,,,,,,,,,,,
5 Aralık 2023,4974810,65,85m²,1+1,1,8,Merkezi Sistem (Isı Payı Ölçer),,7,6-10 arası,,Eşyalı (Mobilyalı),Boş,0 TL,0 TL (aylık),Hayır,16.000 TL,,,,,,,,,,,,,,,,,,,,
4 Aralık 2023,4947249,180,210m²,3+1,2,6,Merkezi Sistem,Ara Kat,4,31-35 arası,?,Eşyasız,Boş,0 TL,0 TL (aylık),Hayır,75.000 TL,,,,,,,,,,,,,,,,,,,,
4 Aralık 2023,4947261,130,145m²,4+1,2,4,,Ara Kat,2,31-35 arası,?,Eşyasız,Boş,0 TL,450 TL (aylık),Hayır,42.500 TL,,,,,,,,,,,,,,,,,,,,
4 Aralık 2023,4947254,66,75m²,2+1,1,7,Klima,Ara Kat,4,4,?,Sadece Beyaz Eşya,Boş,0 TL undefined,0 TL (aylık),Hayır,52.500 TL,,,,,,,,,,,,,,,,,,,,
4 Aralık 2023,4947245,-,220m²,,,7,Merkezi Sistem,,,40 ve üzeri,,,Boş,0 TL,0 TL (aylık),Hayır,90.000 TL,,,,,İkinci El,,,,,,,,Hayır,,,,,,,
5 Aralık 2023,4948384,-,,,,,Klima,,,,,,,0 TL undefined,0 TL (aylık),Hayır,300.000 TL,1000m²,,,,,,,,,,,,,,,,,,,
5 Aralık 2023,4907346,85,100m²,2+1,1,6,Klima,Ara Kat,Bahçe katı,31-35 arası,?,Eşyasız,Boş,0 TL undefined,250 TL (aylık),Hayır,27.000 TL,,,,,,,,,,,,,,,,,,,,
5 Aralık 2023,4354410,147,,,,1,Kombi (Elektrikli),,,0,,,Boş,16.500 TL,2.190 TL (aylık),Hayır,16.500 TL,150m²,3,,Kat Mülkiyeti,,,,,,,,,,,,,,,,
5 Aralık 2023,4777095,165,180m²,2+1,2,20 ve üzeri,Merkezi Sistem (Isı Payı Ölçer),Ara Kat,5,6-10 arası,?,Sadece Beyaz Eşya,Boş,0 TL,0 TL (aylık),Hayır,115.000 TL,,,,,,,,,,,,,,,,,,,,
5 Aralık 2023,4974817,145,180m²,3+1,2,8,Merkezi Sistem (Isı Payı Ölçer),,4,6-10 arası,,Eşyasız,Boş,0 TL,0 TL (aylık),Hayır,28.000 TL,,,,,,,,,,,,,,,,,,,,
5 Aralık 2023,4974799,100,125m²,2+1,1,10-20 arası,Merkezi Sistem (Isı Payı Ölçer),,15,6-10 arası,,Eşyasız,Boş,0 TL,0 TL (aylık),Hayır,28.500 TL,,,,,,,,,,,,,,,,,,,,
5 Aralık 2023,4907332,120,130m²,3+1,1,5,,,2,26-30 arası,?,Eşyasız,Boş,0 TL,0 TL (aylık),Hayır,18.000 TL,,,,,,,,,,,,,,,,,,,,
4 Aralık 2023,4840076,,,,,20 ve üzeri,Fancoil,,8,6-10 arası,,,Boş,0 TL,0 TL (aylık),Hayır,415.000 TL,763m²,4,Danışman,Kat Mülkiyeti,,,,,,,,,,,,,,,,
4 Aralık 2023,4946882,25,45m²,1+1,1,10-20 arası,Merkezi Sistem (Isı Payı Ölçer),Ara Kat,12,6-10 arası,?,Sadece Beyaz Eşya,Kiracılı,0 TL,0 TL (aylık),Hayır,16.500 TL,,,,,,,,,,,,,,,,,,,,
4 Aralık 2023,4905231,145,175m²,3+1,3,10-20 arası,Klima,Ara Kat,6,6-10 arası,?,Sadece Beyaz Eşya,Boş,0 TL,0 TL (aylık),Hayır,28.500 TL,,,,,,,,,,,,,,,,,,,,
4 Aralık 2023,4906192,55,80m²,1+1,1,10-20 arası,Klima,Ara Kat,10,6-10 arası,?,Sadece Beyaz Eşya,Boş,0 TL undefined,0 TL (aylık),Hayır,23.000 TL,,,,,,,,,,,,,,,,,,,,
5 Aralık 2023,4948398,,,,,,Kombi (Doğalgaz),,,26-30 arası,,,Boş,0 TL,,Hayır,17.500 TL,180m²,,,,İkinci El,,,,,,,,Evet,,,,,,,
5 Aralık 2023,4948391,,,,,,Yok,,,26-30 arası,,,Boş,0 TL,,Hayır,22.000 TL,300m²,,,,İkinci El,,,,,,,,Hayır,,,,,,,
4 Aralık 2023,4947764,90,100m²,2+1,1,7,Kombi (Doğalgaz),,3,21-25 arası,,Eşyasız,Boş,46.000 TL,100 TL (aylık),Hayır,22.500 TL,,,,,İkinci El,,,,,,,,,,,,,,,
4 Aralık 2023,4947449,90,105m²,3+1,1,4,,Ara Kat,2,6-10 arası,?,Eşyasız,Boş,20.000 TL undefined,0 TL (aylık),Hayır,15.750 TL,,,Danışman,Kat Mülkiyeti,İkinci El,,,,,,,,,,,,,,,
4 Aralık 2023,4947461,78,97m²,2+2,1,3,,Çatı Dubleksi,3,4,?,Eşyasız,Boş,25.000 TL,0 TL (aylık),Hayır,18.250 TL,,,,İskanı Alınmış,İkinci El,,,,,,,,,,,,,,,
4 Aralık 2023,4947538,,,,,6,,,4,,,,Boş,,1.250 TL (aylık),Hayır,40.000 TL,120m²,5,Danışman,,,,,,,,,,,,,,,,,
4 Aralık 2023,4905699,85,115m²,2+1,2,10-20 arası,Merkezi Sistem (Isı Payı Ölçer),Ara Kat,3,6-10 arası,?,Eşyasız,Boş,0 TL undefined,0 TL (aylık),Hayır,12.500 TL,,,Danışman,,,,,,,,,,,,,,,,,
5 Aralık 2023,4974796,95,119m²,2+1,1,10-20 arası,Merkezi Sistem (Isı Payı Ölçer),,6,3,,Eşyasız,Boş,0 TL,0 TL (aylık),Hayır,18.000 TL,,,,,,,,,,,,,,,,,,,,
4 Aralık 2023,4946796,90,138m²,3+1,2,20 ve üzeri,Merkezi Sistem (Isı Payı Ölçer),Ara Kat,6,2,?,Eşyasız,Boş,0 TL,0 TL (aylık),Hayır,32.000 TL,,,,,,,,,,,,,,,,,,,,
5 Aralık 2023,4907339,85,95m²,2+1,1,3,,,3,26-30 arası,?,Eşyasız,Boş,0 TL,0 TL (aylık),Hayır,10.250 TL,,,,,,,,,,,,,,,,,,,,
4 Aralık 2023,4946759,130,150m²,3+1,1,5,,Ara Kat,2,16-20 arası,?,Eşyasız,Boş,0 TL undefined,0 TL (aylık),Hayır,20.000 TL,,,,,,,,,,,,,,,,,,,,
6 Aralık 2023,4908437,-,,,,,,,,,,,,0 TL,0 TL (aylık),Hayır,250.000 TL,70m²,,,,,,,,,,,,,,,,,,,
4 Aralık 2023,4947228,72,85m²,2+1,1,4,,En Üst Kat,4,31-35 arası,?,Eşyasız,Boş,0 TL,250 TL (aylık),Hayır,19.500 TL,,,,,,,,,,,,,,,,,,,,
5 Aralık 2023,4907320,70,80m²,1+1,1,5,,,Bahçe katı,26-30 arası,?,Eşyasız,Boş,0 TL,0 TL (aylık),Hayır,10.000 TL,,,,,,,,,,,,,,,,,,,,
5 Aralık 2023,4742980,,,,,,,,,,,,,0 TL,,Hayır,15.000 TL,12000m²,,,Bilinmiyor,,,,,,,,,,,Bağ & Bahçe,,,,,
5 Aralık 2023,4740501,70,95m²,2+1,1,10,Klima,Ara Kat,1,2,?,Eşyasız,Kiracılı,0 TL,0 TL (aylık),Hayır,17.500 TL,,,,,,,,,,,,,,,,,,,,
5 Aralık 2023,4948617,40,,,,2,Klima,,Müstakil,36-40 arası,,,Boş,35.000 TL,0 TL (aylık),Hayır,15.000 TL,45m²,2,Danışman,Kat Mülkiyeti,,,,,,,,,,,,245,2,,,
4 Aralık 2023,4875368,95,110m²,2+1,1,7,Kombi (Doğalgaz),En Üst Kat,7,26-30 arası,,Sadece Mutfak,Boş,,,Hayır,14.000 TL,,,Danışman,,İkinci El,,,,,,,,,,,,,,,
4 Aralık 2023,4974148,80,90m²,2+1,1,4,,Ara Kat,1,6-10 arası,,Eşyalı (Mobilyalı),Boş,14.000 TL,50 TL (aylık),Hayır,14.000 TL,,,,,,,,,,,,,,,,,,,,
5 Aralık 2023,4975145,100,110m²,2+1,1,5,Kombi (Doğalgaz),Ara Kat,3,26-30 arası,?,Sadece Mutfak,Boş,10.000 TL,100 TL (aylık),Hayır,10.000 TL,,,Danışman,Hisseli Tapu,İkinci El,,,,,,,,,,,,,,,
4 Aralık 2023,4974293,70,75m²,1+1,1,4,Soba (Doğalgaz),Giriş Kat,Yüksek Giriş,21-25 arası,?,Eşyalı (Mobilyalı),Boş,8.500 TL,,Hayır,8.500 TL,,,Danışman,,Sıfır,,,,,,,,,,,,,,,
7 Aralık 2023,4976724,90,98m²,2+1,2,Between 10-20,Central System (Heat Share Meter),Intermediate Floor,4,Between 6-10,?,Unfurnished,Vacant,,,Hayır,24.000 TL,,,Agent,Condominium,Second Hand,,,,,,,,,,,,,,,
5 Aralık 2023,4742989,,,,,,,,,,,,,0 TL,,Hayır,15.000 TL,2800m²,,,Hisseli Tapu,,,,,,,,,,,Bağ & Bahçe,,,,,
4 Aralık 2023,491024,350,,,,4,,,Zemin Kat,6-10 arası,,,Boş,90.000 TL,0 TL (aylık),Hayır,45.000 TL,380m²,2,Danışman,,,,,,,,,,,,,,,,,
4 Aralık 2023,4974042,130,,,,4,Merkezi Sistem,,3,21-25 arası,,,,0 TL,0 TL (aylık),Hayır,550.000 TL,150m²,7,Danışman,,,Evet,,,,,,,,,,,,,,
5 Aralık 2023,4974791,95,120m²,2+1,1,10-20 arası,Merkezi Sistem (Isı Payı Ölçer),,7,6-10 arası,,Eşyalı (Mobilyalı),Boş,0 TL,0 TL (aylık),Hayır,20.000 TL,,,,,,,,,,,,,,,,,,,,
4 Aralık 2023,4974698,60,,,,,Yok,,,0,,,Boş,22.000 TL,0 TL (aylık),Hayır,22.000 TL,65m²,1,Danışman,,,,,,,,,,,,,,,,,
4 Aralık 2023,4840491,25,,,,,Yok,,Yüksek Giriş,,,,,25.000 TL,,Hayır,25.000 TL,28m²,2,Danışman,,,,,,,,,,,,,,,,,
4 Aralık 2023,4923540,158,190m²,3+1,2,5,Klima,,Yüksek Giriş,16-20 arası,,,Boş,47.000 TL,0 TL (aylık),Hayır,47.000 TL,,,,Kat İrtifakı,İkinci El,,,,,,,,,,,,,,,
4 Aralık 2023,4823584,90,100m²,2+1,1,3,Kombi (Elektrikli),Ara Kat,2,40 ve üzeri,,,Boş,70.000 TL,,Hayır,40.000 TL,,,,,İkinci El,,,,,,,,,,,,,,,
4 Aralık 2023,4974348,85,100m²,3+1,1,8,Central System (Heat Share Meter),Intermediate Floor,7,Between 26-30,?,Unfurnished,Vacant,,,Hayır,25.000 TL,,,,Condominium,Second Hand,,,,,,,,,,,,,,,
4 Aralık 2023,4974750,85,90m²,2+1,1,3,,Çatı Dubleksi,3,0,,Eşyasız,Boş,14.000 TL,50 TL (aylık),Hayır,13.500 TL,,,,,,,,,,,,,,,,,,,,
4 Aralık 2023,4945254,78,90m²,2+1,1,10-20 arası,Merkezi Sistem (Isı Payı Ölçer),Ara Kat,3,4,?,Eşyalı (Mobilyalı),Boş,25.000 TL,1.850 TL (aylık),Hayır,25.000 TL,,,,,,,,,,,,,,,,,,,,
5 Aralık 2023,3587403,405,410m²,3+1,4,10-20 arası,Fancoil,Ara Kat,11,6-10 arası,?,Eşyasız,Boş,0 TL,0 TL (aylık),Hayır,75.000 TL,,,,,,,,,,,,,,,,,,,,
4 Aralık 2023,4840826,220,,,,5,Kombi (Doğalgaz),,Bodrum Kat,21-25 arası,,,Boş,60.000 TL,0 TL (aylık),Hayır,70.000 TL,240m²,3,Danışman,,,,,,,,,,,,,,,,,
4 Aralık 2023,4974245,80,90m²,2+1,1,7,Merkezi Sistem (Isı Payı Ölçer),Ara Kat,1,26-30 arası,?,,Boş,,,Hayır,25.000 TL,,,Danışman,,,,Evet,,,,,,,,,,,,,
4 Aralık 2023,4839859,150,,,,,Kombi (Doğalgaz),,Giriş Katı,,,,Kiracılı,,,Hayır,18.300 TL,170m²,,Danışman,,,Evet,,,,,,,,,,,,,,
4 Aralık 2023,4974676,75,80m²,2+1,1,4,Kombi (Doğalgaz),Giriş Kat,Bahçe katı,,,Eşyasız,Boş,,,Hayır,15.000 TL,,,,,İkinci El,,,,,,,,,,,,,,,
4 Aralık 2023,4974111,85,90m²,2+1,1,5,Kalorifer (Doğalgaz),Ara Kat,1,0,?,Eşyasız,Boş,,,Hayır,14.500 TL,,,Danışman,Kat İrtifakı,Sıfır,,,,,,,,,,,,,,,
4 Aralık 2023,3830565,120,130m²,3+1,1,,Kombi (Doğalgaz),Ara Kat,,21-25 arası,,Eşyalı (Mobilyalı),Boş,18.000 TL undefined,100 TL (aylık),Hayır,19.000 TL,,,Danışman,,İkinci El,,,,,,,,,,,,,,,
4 Aralık 2023,4891308,156,195m²,3+1,3,7,Yerden Isıtma,Çatı Dubleksi,7,0,?,Eşyasız,Boş,0 TL,0 TL (aylık),Hayır,51.000 TL,,,,,,,,,,,,,,,,,,,,
4 Aralık 2023,4840736,70,80m²,2+1,1,8,Yerden Isıtma,,En Üst Kat,31-35 arası,,Eşyalı (Mobilyalı),Boş,40.000 TL undefined,150 TL (aylık),Hayır,25.000 TL,,,Danışman,,İkinci El,,,,,,,,,,,,,,,
4 Aralık 2023,4946955,160,185m²,3+1,2,10-20 arası,Kombi (Doğalgaz),Ara Kat,9,16-20 arası,,,Boş,,,Hayır,21.500 TL,,,Danışman,,,,,,,,,,,,,,,,,
5 Aralık 2023,3533197,220,240m²,4+1,3,20 ve üzeri,Yerden Isıtma,,20 ve üzeri,21-25 arası,?,Eşyasız,Boş,0 TL,0 TL (aylık),Hayır,145.000 TL,,,,,,,,,,,,,,,,,,,,
6 Aralık 2023,4908570,35,,,,,,,,,,,,,,Hayır,5.500 TL,45m²,,,,,,,,,,,,,,,,,,,
4 Aralık 2023,4905443,125,130m²,3+1,1,4,Kombi (Doğalgaz),Bahçe Katı,Bahçe katı,26-30 arası,?,Eşyasız,Boş,24.000 TL,50 TL (aylık),Hayır,12.000 TL,,,Danışman,,İkinci El,,Evet,,,,,,,,,,,,,
4 Aralık 2023,4974757,130,150m²,3+1,2,8,Kombi (Doğalgaz),,6,31-35 arası,,Eşyasız,Boş,35.000 TL,1.000 TL (aylık),Hayır,35.000 TL,,,,Kat İrtifakı,İkinci El,,,,,,,,,,,,,,,
4 Aralık 2023,4945905,330,360m²,5+2,4,4,Kombi (Doğalgaz),Fourlex,Müstakil,16-20 arası,?,Eşyasız,Boş,0 TL,0 TL (aylık),Hayır,40.000 TL,,,Danışman,Kat Mülkiyeti,İkinci El,,,,,,,,,,,,,,,
4 Aralık 2023,4945908,270,300m²,4+1,3,3,Kombi (Doğalgaz),Tripleks,Müstakil,16-20 arası,?,Eşyasız,Boş,0 TL,0 TL (aylık),Hayır,40.000 TL,,,Danışman,Kat Mülkiyeti,İkinci El,,,,,,,,,,,,,,,
5 Aralık 2023,4975167,57,65m²,1+1,1,9,Merkezi Sistem (Isı Payı Ölçer),,8,6-10 arası,,,Boş,0 TL,0 TL (aylık),Hayır,13.500 TL,,,,Arsa Tapulu,İkinci El,,,,,,,,,,,,,,,
5 Aralık 2023,4907331,125,135m²,3+1,2,2,,,Giriş Katı,26-30 arası,?,Eşyasız,Boş,0 TL,0 TL (aylık),Hayır,28.000 TL,,,,,,,,,,,,,,,,,,,,
5 Aralık 2023,4948385,,,,,,,,,,,,,0 TL,,Hayır,19.000 TL,650m²,,,Müstakil Parsel,,,,,,,,,,,,,,,,
4 Aralık 2023,4947773,,,,,3,Yok,,,26-30 arası,,,Boş,56.000 TL,,Hayır,28.000 TL,280m²,,Danışman,,İkinci El,,,,,,,,Hayır,,,,,,,
4 Aralık 2023,4947769,80,85m²,2+1,1,3,Kombi (Doğalgaz),,2,11-15 arası,?,Eşyasız,Boş,28.000 TL undefined,,Hayır,13.750 TL,,,Danışman,,İkinci El,,,,,,,,,,,,,,,
4 Aralık 2023,4905480,55,82m²,1+1,1,20 ve üzeri,Yerden Isıtma,,12,4,?,,,,,Hayır,32.000 TL,,,Danışman,,,,,,,,,,,,,,,,,
4 Aralık 2023,4718987,16,,,,,Yok,,Bahçe katı,,,,,0 TL,1 TL (aylık),Hayır,7.200 TL,25m²,1,Danışman,,,,,,,,,,,,,,,,,
4 Aralık 2023,4974314,120,130m²,3+1,1,,Kombi (Doğalgaz),Ara Kat,,26-30 arası,,,Boş,,,Hayır,12.000 TL,,,Danışman,,,,,,,,,,,,,,,,,
5 Aralık 2023,3533185,700,1900m²,6+2,5,4,Yerden Isıtma,,,11-15 arası,?,Eşyalı (Mobilyalı),Boş,0 TL,0 TL (aylık),Hayır,850.800 TL,,,,,,,,,,,,,,,,,,,,
4 Aralık 2023,4945915,100,110m²,2+1,1,4,Kombi (Doğalgaz),Bahçe Katı,Bahçe katı,16-20 arası,?,Eşyasız,Boş,0 TL,0 TL (aylık),Hayır,17.000 TL,,,Danışman,Kat Mülkiyeti,İkinci El,,,,,,,,,,,,,,,
4 Aralık 2023,4905649,90,95m²,2+1,1,4,Kombi (Doğalgaz),Ara Kat,1,21-25 arası,?,Eşyalı (Mobilyalı),Boş,12.000 TL,60 TL (aylık),Hayır,12.000 TL,,,Danışman,,İkinci El,,,,,,,,,,,,,,,
4 Aralık 2023,4902644,207,,,,3,Yok,,Yüksek Giriş,11-15 arası,,,Boş,0 TL,0 TL (aylık),Hayır,110.000 TL,235m²,1,,Kat Mülkiyeti,,,,,,,,,,,,,,,,
5 Aralık 2023,4974792,60,75m²,1+1,1,10-20 arası,Merkezi Sistem (Isı Payı Ölçer),,2,2,,Eşyalı (Mobilyalı),Boş,0 TL,0 TL (aylık),Hayır,12.000 TL,,,,,,,,,,,,,,,,,,,,
4 Aralık 2023,4974619,145,155m²,3+1,2,5,Merkezi Sistem,Ara Kat,4,26-30 arası,?,Eşyalı (Mobilyalı),Boş,,,Hayır,115.000 TL,,,Danışman,Kat Mülkiyeti,İkinci El,,,,,,,,,,,,,,,
4 Aralık 2023,4973983,70,80m²,1+1,1,3,Kombi (Doğalgaz),Ara Kat,2,6-10 arası,?,Eşyasız,Boş,,,Hayır,15.500 TL,,,Danışman,,,,,,,,,,,,,,,,,
4 Aralık 2023,3870285,,,,,6,Kombi (Doğalgaz),,4,21-25 arası,,,Boş,0 TL,0 TL (aylık),Hayır,250.000 TL,1100m²,9,Danışman,İskanı Alınmış,,,,,4 (metre),,,,,,,,,,,
4 Aralık 2023,4906196,115,120m²,3+1,1,6,Combi Boiler (Natural Gas),First Floor,Raised First Floor,Between 21-25,?,Unfurnished,Occupied By Property Owner,13.000 TL,30 TL (aylık),Hayır,13.000 TL,,,Construction Developer,Land Title,Second Hand,,,,,,,,,,,,,,,
4 Aralık 2023,4946847,85,128m²,2+1,2,20 ve üzeri,Merkezi Sistem (Isı Payı Ölçer),Ara Kat,14,3,?,Eşyasız,Boş,40.000 TL,1.400 TL (aylık),Hayır,20.000 TL,,,Danışman,Kat Mülkiyeti,İkinci El,,Evet,,,,,,,,,,,,,
4 Aralık 2023,4946906,159,221m²,2+1,2,20 ve üzeri,Fancoil,,20 ve üzeri,1,?,Eşyasız,,560.000 TL,13.750 TL (aylık),Hayır,280.000 TL,,,Danışman,,Sıfır,,,,,,,,,,,,,,,
4 Aralık 2023,4974277,110,120m²,3+1,1,4,Kombi (Doğalgaz),,3,2,,,Boş,0 TL,0 TL (aylık),Hayır,23.500 TL,,,,,İkinci El,,,,,,,,,,,,,,,
3 Aralık 2023,4973816,300,360m²,4+2,3,10-20 arası,Merkezi Sistem,Çatı Dubleksi,13,31-35 arası,,Eşyasız,Boş,260.000 TL undefined,2.750 TL (aylık),Hayır,130.000 TL,,,Danışman,,,,,,,,,,,,,,,,,
4 Aralık 2023,4906216,,,,,6,Kombi (Doğalgaz),,,6-10 arası,,,Boş,15.000 TL,,Hayır,12.500 TL,210m²,,İnşaat Geliştirici,Kat Mülkiyeti,Sıfır,,,,,210 (m²),,4.5 (metre),,,,,,,,
3 Aralık 2023,4973900,160,,,,,Kombi (Doğalgaz),,,0,,,Boş,0 TL,0 TL (aylık),Hayır,35.000 TL,170m²,2,Danışman,,,,,,,,,,,,,,,,,
4 Aralık 2023,4947237,-,130m²,,,4,Merkezi Sistem,,,40 ve üzeri,,,Boş,0 TL,600 TL (aylık),Hayır,45.000 TL,,,,,İkinci El,,,,,,,,Hayır,,,,,,,
3 Aralık 2023,4973795,45,55m²,1+1,1,5,Kombi (Doğalgaz),Ara Kat,3,4,,Eşyalı (Mobilyalı),Boş,50.000 TL,250 TL (aylık),Hayır,25.000 TL,,,Danışman,,,,,,,,,,,,,,,,,
3 Aralık 2023,4973632,80,95m²,2+1,1,8,Kombi (Doğalgaz),,1,21-25 arası,?,Eşyasız,Boş,0 TL,0 TL (aylık),Hayır,18.000 TL,,,,,İkinci El,,,,,,,,,,,,,,,
3 Aralık 2023,4903043,135,148m²,3+1,2,5,,Çatı Dubleksi,4,21-25 arası,?,Eşyasız,Boş,30.000 TL,1.350 TL (aylık),Hayır,30.000 TL,,,Danışman,Kat Mülkiyeti,İkinci El,,,,,,,,,,,393,1,,,
4 Aralık 2023,4904550,60,,,,4,Klima,,Giriş Katı,36-40 arası,,,Boş,12.000 TL,0 TL (aylık),Hayır,12.000 TL,65m²,2,Danışman,Kat Mülkiyeti,,,,,,,,,,,,2525,25,,,
3 Aralık 2023,4973788,160,200m²,4+1,2,Between 10-20,Central System,Intermediate Floor,1,Between 31-35,,Unfurnished,Occupied By Property Owner,90.000 TL,1.950 TL (aylık),Hayır,45.000 TL,,,Agent,,,,,,,,,,,,,,,,,
4 Aralık 2023,4905720,22,,,,,Kombi (Doğalgaz),,Giriş Katı,0,,,,0 TL undefined,0 TL (aylık),Hayır,23.000 TL,35m²,1,,,,,,,,,,,,,,,,,,
4 Aralık 2023,4947304,175,242m²,3+1,2,20 ve üzeri,Fancoil,,20 ve üzeri,1,,Eşyasız,Boş,560.000 TL,,Hayır,280.000 TL,,,Danışman,,Sıfır,,Evet,,,,,,,,,,,,,
4 Aralık 2023,4906224,110,120m²,3+1,1,4,Kombi (Doğalgaz),Ara Kat,3,6-10 arası,,Eşyasız,Boş,,100 TL (aylık),Hayır,16.000 TL,,,Danışman,,İkinci El,,,,,,,,,,,,,,,
4 Aralık 2023,4974385,75,85m²,1+1,1,,,,,,,,,,,Hayır,9.000 TL,,,,,,,,,,,,,,,,,,,,
3 Aralık 2023,4895832,76,94m²,2+1,1,10-20 arası,Merkezi Sistem (Isı Payı Ölçer),En Üst Kat,En Üst Kat,,?,Eşyasız,Boş,,1.071 TL (aylık),Hayır,17.000 TL,,,Danışman,Kat Mülkiyeti,Sıfır,,,,,,,,,,,,,,,
4 Aralık 2023,4974298,100,110m²,2+1,1,,Kombi (Doğalgaz),,1,26-30 arası,,,Boş,,,Hayır,9.000 TL,,,Danışman,,,,,,,,,,,,,,,,,
4 Aralık 2023,4906265,120,140m²,2+1,2,20 ve üzeri,Merkezi Sistem (Isı Payı Ölçer),,6,,,,,,,Hayır,33.000 TL,,,,,,,,,,,,,,,,,,,,
4 Aralık 2023,4936099,90,100m²,2+1,1,5,Kombi (Doğalgaz),,5,26-30 arası,,,,0 TL,,Hayır,9.000 TL,,,Danışman,,,,,,,,,,,,,,,,,
3 Aralık 2023,4839150,65,90m²,1+1,1,10-20 arası,Merkezi Sistem (Isı Payı Ölçer),,15,3,?,Eşyalı (Mobilyalı),,110.000 TL,4.000 TL (aylık),Hayır,55.000 TL,,,Danışman,,Sıfır,,,,,,,,,,,,,,,
3 Aralık 2023,4874125,300,360m²,4+1,3,20 ve üzeri,Klima,Ara Kat,20 ve üzeri,1,?,Sadece Beyaz Eşya,Boş,0 TL,0 TL (aylık),Hayır,270.000 TL,,,,,,,,,,,,,,,,,,,,
3 Aralık 2023,4873499,125,135m²,3+1,1,7,Merkezi Sistem,Ara Kat,1,26-30 arası,?,Eşyasız,Boş,0 TL,0 TL (aylık),Hayır,38.500 TL,,,Danışman,Kat Mülkiyeti,İkinci El,,Evet,,,,,,,,,,,,,
3 Aralık 2023,4582541,68,80m²,1+1,1,20 ve üzeri,Klima,Ara Kat,20 ve üzeri,4,?,Eşyasız,Boş,65.000 TL,3.600 TL (aylık),Hayır,32.000 TL,,,Danışman,Kat Mülkiyeti,,,,,,,,,,,,,,,,
3 Aralık 2023,4657827,80,110m²,1+1,1,5,Kombi (Doğalgaz),,Bahçe katı,0,,Eşyalı (Mobilyalı),Boş,0 TL undefined,0 TL (aylık),Hayır,60.000 TL,,,,,Sıfır,,,,,,,,,,,,,,,
3 Aralık 2023,2941173,50,65m²,1+1,1,10-20 arası,Kombi (Doğalgaz),Ara Kat,4,3,?,Eşyalı (Mobilyalı),Boş,0 TL,0 TL (aylık),Hayır,16.000 TL,,,Danışman,Kat Mülkiyeti,İkinci El,,,,,,,,,,,,,,,
3 Aralık 2023,4946036,50,72m²,1+1,1,10-20 arası,Merkezi Sistem (Isı Payı Ölçer),Ara Kat,9,6-10 arası,?,Sadece Beyaz Eşya,Boş,0 TL,0 TL (aylık),Hayır,25.000 TL,,,,,,,,,,,,,,,,,,,,
3 Aralık 2023,4946372,60,80m²,1+1,1,3,,En Üst Kat,3,11-15 arası,?,Eşyasız,Boş,0 TL undefined,0 TL (aylık),Hayır,15.500 TL,,,,,,,,,,,,,,,,,,,,
3 Aralık 2023,4903732,110,143m²,2+1,2,20 ve üzeri,Merkezi Sistem (Isı Payı Ölçer),Ara Kat,15,6-10 arası,?,Eşyasız,Boş,0 TL,0 TL (aylık),Hayır,16.000 TL,,,Danışman,,,,,,,,,,,,,,,,,
3 Aralık 2023,4874446,90,,,,,Klima,,,16-20 arası,,,,0 TL undefined,0 TL (aylık),Hayır,3.650.000 TL,100m²,,,,,,,,,,,,,,,,,,,
3 Aralık 2023,4904730,100,110m²,,1,3,Kombi (Doğalgaz),,,31-35 arası,,,Boş,17.500 TL,200 TL (aylık),Hayır,17.500 TL,,,Danışman,Kat Mülkiyeti,İkinci El,,,,,,,,Evet,,,,,,,
3 Aralık 2023,4873580,77,87m²,1+1,1,10-20 arası,Merkezi Sistem (Isı Payı Ölçer),,10,4,,Sadece Beyaz Eşya,Boş,0 TL,0 TL (aylık),Hayır,31.196 TL,,,,Arsa Tapulu,İkinci El,,,,,,,,,,,,,,,
3 Aralık 2023,4839061,160,190m²,3+1,2,4,Kombi (Doğalgaz),Bahçe Dubleksi,Bahçe katı,11-15 arası,?,Eşyasız,Boş,100.000 TL,2.600 TL (aylık),Hayır,45.000 TL,,,Danışman,Kat Mülkiyeti,İkinci El,,Evet,,,,,,,,,594,3,,,
4 Aralık 2023,4946848,86,96m²,2+1,1,10-20 arası,Kombi (Doğalgaz),Giriş Kat,Yüksek Giriş,11-15 arası,?,Sadece Mutfak,Boş,37.000 TL,,Hayır,18.500 TL,,,Danışman,Kat Mülkiyeti,İkinci El,,Evet,,,,,,,,,,,,,
4 Aralık 2023,4974327,85,95m²,2+1,1,,Kombi (Doğalgaz),Ara Kat,2,,,,Boş,,,Hayır,15.000 TL,,,Danışman,,,,,,,,,,,,,,,,,
4 Aralık 2023,4906056,46,72m²,1+1,1,20 ve üzeri,Merkezi Sistem (Isı Payı Ölçer),,7,2,?,Eşyalı (Mobilyalı),,,,Hayır,25.000 TL,,,,,,,,,,,,,,,,,,,,
4 Aralık 2023,4091055,139,140m²,3+1,1,5,Kombi (Doğalgaz),,Kot 4,26-30 arası,,,,7.000 TL,50 TL (aylık),Hayır,13.000 TL,,,Danışman,,,,,,,,,,,,,,,,,
4 Aralık 2023,4906195,90,95m²,2+1,1,5,Klima,Ara Kat,2,21-25 arası,?,Eşyasız,Boş,,,Hayır,10.000 TL,,,Danışman,,,,,,,,,,,,,,,,,
3 Aralık 2023,4838153,70,75m²,2+1,1,10-20 arası,Yerden Isıtma,Ara Kat,8,6-10 arası,?,Sadece Beyaz Eşya,Boş,0 TL,0 TL (aylık),Hayır,25.000 TL,,,,,,,,,,,,,,,,,,,,
3 Aralık 2023,4945932,165,187m²,3+1,2,6,Merkezi Sistem (Isı Payı Ölçer),,4,,?,Eşyasız,,,,Hayır,125.000 TL,,,Danışman,,,,,,,,,,,,,,,,,
3 Aralık 2023,4873497,105,115m²,3+1,1,10-20 arası,Kombi (Doğalgaz),Ara Kat,6,,,Eşyasız,Boş,,650 TL (aylık),Hayır,22.500 TL,,,Danışman,Kat Mülkiyeti,İkinci El,,,,,,,,,,,,,,,
4 Aralık 2023,4954860,120,130m²,3+1,1,5,Kombi (Doğalgaz),,4,,,,Boş,,,Hayır,14.000 TL,,,Danışman,,,,,,,,,,,,,,,,,
3 Aralık 2023,4946296,640,,,,,Yok,,Giriş Katı,31-35 arası,,,Boş,13.000.000 TL,,Hayır,650.000 TL,650m²,2,Danışman,Arsa Tapulu,,,,,,,,,,,,,,,,
3 Aralık 2023,4608572,85,95m²,2+1,1,10-20 arası,Kombi (Doğalgaz),Ara Kat,8,,,Eşyasız,Boş,,444 TL (aylık),Hayır,13.000 TL,,,Danışman,Kat Mülkiyeti,İkinci El,,,,,,,,,,,,,,,
3 Aralık 2023,4973772,90,95m²,2+1,1,5,Kombi (Doğalgaz),,3,31-35 arası,,Eşyasız,Boş,12.500 TL,100 TL (aylık),Hayır,12.500 TL,,,,,İkinci El,,,,,,,,,,,,,,,
3 Aralık 2023,4866498,150,,,,6,Fancoil,,Giriş Katı,6-10 arası,,,Kiracılı,,2.000 TL (aylık),Hayır,2.500.000 TL,225m²,4,Danışman,Kat Mülkiyeti,,Evet,,,,,,,,,,,,,,
5 Aralık 2023,4223890,,,,,,,,,,,,,,,Hayır,60.000 TL,300m²,,,,,,,,,,,,,,,,,,,
3 Aralık 2023,4904939,110,115m²,3+1,1,5,Kombi (Doğalgaz),Ara Kat,4,31-35 arası,,,Boş,,30 TL (aylık),Hayır,13.000 TL,,,Danışman,Kat Mülkiyeti,İkinci El,,,,,,,,,,,,,,,
3 Aralık 2023,4839142,90,105m²,1+1,1,20 ve üzeri,Klima,Ara Kat,20 ve üzeri,2,?,Sadece Beyaz Eşya,Boş,0 TL,0 TL (aylık),Hayır,50.000 TL,,,,,,,,,,,,,,,,,,,,
5 Aralık 2023,4948545,1700,,,,,,,,,,,,,,Hayır,250.000 TL,1750m²,,,,,,,,,,,,,,,,,,,
3 Aralık 2023,4774941,65,,,,,Kombi (Doğalgaz),,Bahçe katı,21-25 arası,,,,0 TL,0 TL (aylık),Hayır,3.490.000 TL,70m²,,Danışman,,,Evet,,,,,,,,,,,,,,
3 Aralık 2023,4904366,250,,,,,Klima,,,6-10 arası,,,,0 TL,0 TL (aylık),Hayır,30.000 TL,300m²,3,Danışman,,,,,,,,,,,,,,,,,
3 Aralık 2023,4946556,110,,,,4,Kombi (Doğalgaz),,Giriş Katı,,,,Boş,,,Hayır,11.000 TL,120m²,3,Danışman,,,,,,,,,,,,,,,,,
4 Aralık 2023,4947596,100,125m²,2+1,2,10-20 arası,Merkezi Sistem (Isı Payı Ölçer),Ara Kat,2,6-10 arası,,,Boş,,,Hayır,26.000 TL,,,,Kat Mülkiyeti,İkinci El,,,,,,,,,,,1358,3,,,
3 Aralık 2023,4873537,,,,,,,,,36-40 arası,,,,,,Hayır,110.000 TL,320m²,,Danışman,,,,,Betonarme,,,,,,,,,,,,
3 Aralık 2023,4946058,60,75m²,2+1,1,4,Kombi (Doğalgaz),Ara Kat,1,6-10 arası,?,,,,,Hayır,14.000 TL,,,Danışman,,İkinci El,,,,,,,,,,,,,,,
3 Aralık 2023,4945904,75,90m²,2+1,1,5,,Ara Kat,4,31-35 arası,?,Sadece Beyaz Eşya,Boş,0 TL,175 TL (aylık),Hayır,28.000 TL,,,,,,,,,,,,,,,,,,,,
3 Aralık 2023,4904778,75,90m²,2+1,1,5,Kombi (Doğalgaz),,Yüksek Giriş,6-10 arası,,Eşyalı (Mobilyalı),Boş,0 TL undefined,0 TL (aylık),Hayır,13.000 TL,,,,,İkinci El,,,,,,,,,,,,,,,
3 Aralık 2023,4903689,130,156m²,3+1,2,10-20 arası,Merkezi Sistem (Isı Payı Ölçer),Ara Kat,11,4,?,Eşyasız,Boş,0 TL,0 TL (aylık),Hayır,30.000 TL,,,,,,,,,,,,,,,,,,,,
4 Aralık 2023,4905487,50,55m²,1+1,1,,,,,,,,,,,Hayır,4.000 TL,,,,,,,,,,,,,,,,,,,,
3 Aralık 2023,4904856,70,90m²,2+1,1,10-20 arası,Merkezi Sistem,Ara Kat,8,6-10 arası,?,Eşyalı (Mobilyalı),Boş,45.000 TL,0 TL (aylık),Hayır,45.000 TL,,,Danışman,,İkinci El,,,,,,,,,,,,,,,
3 Aralık 2023,4946711,95,125m²,3+1,2,8,Klima,Ara Kat,5,3,?,Eşyasız,Boş,0 TL,0 TL (aylık),Hayır,25.000 TL,,,,,,,,,,,,,,,,,,,,
5 Aralık 2023,4948534,,,,,,,,,,,,,,,Hayır,1.500.000 TL,11000m²,,,,,,,,,,,,,,,,,,,
3 Aralık 2023,4945696,80,90m²,2+1,1,5,,,5,16-20 arası,?,Eşyasız,Boş,0 TL,100 TL (aylık),Hayır,12.000 TL,,,,,,,,,,,,,,,,,,,,
3 Aralık 2023,4903718,145,190m²,3+1,2,10-20 arası,Klima,En Üst Kat,18,4,?,Sadece Beyaz Eşya,Boş,0 TL,0 TL (aylık),Hayır,37.500 TL,,,,,,,,,,,,,,,,,,,,
3 Aralık 2023,4838882,120,,,,4,Kombi (Doğalgaz),,Yüksek Giriş,0,,,Boş,0 TL,0 TL (aylık),Hayır,18.000 TL,130m²,1,Danışman,Kat Mülkiyeti,,,,,,,,,,,,,,,,
3 Aralık 2023,4867955,75,85m²,2+1,1,5,Kombi (Doğalgaz),Ara Kat,3,,,Eşyalı (Mobilyalı),Boş,,306 TL (aylık),Hayır,33.000 TL,,,Danışman,Kat Mülkiyeti,İkinci El,,,,,,,,,,,,,,,
3 Aralık 2023,4973809,75,87m²,2+1,1,4,Kombi (Doğalgaz),Ara Kat,3,2,?,Eşyasız,Boş,16.000 TL,75 TL (aylık),Hayır,16.000 TL,,,Danışman,Kat Mülkiyeti,İkinci El,,,,,,,,,,,,,,,
3 Aralık 2023,4838412,,,,,1,,,,0,,,,,,Hayır,75.000 TL,250m²,,,,Sıfır,,,,,650 (m²),260 (m²),4.2 (metre),Evet,,,,,,,
3 Aralık 2023,4973868,110,120m²,2+1,1,,,,,,,,,,,Hayır,35.000 TL,,,,,,,,,,,,,,,,,,,,
3 Aralık 2023,4838187,50,60m²,1+1,1,5,,,Müstakil,26-30 arası,?,Eşyasız,Boş,0 TL,0 TL (aylık),Hayır,12.000 TL,,,,,,,,,,,,,,,,,,,,
3 Aralık 2023,4874533,60,70m²,2+1,1,5,Merkezi Sistem (Isı Payı Ölçer),,Yüksek Giriş,6-10 arası,?,Eşyasız,Boş,,,Hayır,30.000 TL,,,Danışman,,,,,,,,,,,,,,,,,
3 Aralık 2023,4904651,,,,,5,Kombi (Doğalgaz),,2,16-20 arası,,,Boş,0 TL undefined,0 TL (aylık),Hayır,24.000 TL,76m²,2,,,,,,,,,,,,,,,,,,
3 Aralık 2023,4903614,80,90m²,2+1,1,10-20 arası,Kombi (Doğalgaz),Ara Kat,3,1,?,,Boş,42.000 TL,,Hayır,21.000 TL,,,Danışman,,Sıfır,,,,,,,,,,,,,,,
3 Aralık 2023,4973765,115,120m²,1+1,1,4,Kombi (Doğalgaz),Ara Kat,Yüksek Giriş,0,?,Eşyasız,Boş,,,Hayır,7.500 TL,,,Danışman,Kat Mülkiyeti,Sıfır,,,,,,,,,,,,,,,
3 Aralık 2023,4873653,130,145m²,3+1,2,7,Merkezi Sistem (Isı Payı Ölçer),Ara Kat,2,31-35 arası,?,Eşyasız,Boş,70.000 TL,250 TL (aylık),Hayır,35.000 TL,,,Danışman,Kat Mülkiyeti,İkinci El,,,,,,,,,,,,,,,
3 Aralık 2023,4946875,70,80m²,1+1,1,3,Kombi (Doğalgaz),Ara Kat,3,6-10 arası,,Eşyasız,Boş,,,Hayır,14.500 TL,,,,,İkinci El,,,,,,,,,,,,,,,
3 Aralık 2023,4839180,75,90m²,2+1,1,3,,,2,31-35 arası,?,,Boş,0 TL,0 TL (aylık),Hayır,16.000 TL,,,,,,,,,,,,,,,,,,,,
2 Aralık 2023,4973586,90,110m²,2+1,1,5,Merkezi Sistem,,Giriş Katı,26-30 arası,,Eşyasız,Boş,0 TL,0 TL (aylık),Hayır,45.000 TL,,,,,,,,,,,,,,,,,,,,
3 Aralık 2023,4946608,2000,2500m²,,,6,,,,,,,,,,Hayır,300.000 TL,,31-40 arası,Danışman,,,,,,,,,,,,,,,,,
2 Aralık 2023,4973649,115,140m²,3+1,2,5,,Ara Kat,4,6-10 arası,,Eşyasız,Boş,0 TL,2.000 TL (aylık),Hayır,17.000 TL,,,,,,,,,,,,,,,,,,,,
3 Aralık 2023,4838151,70,80m²,2+1,1,3,,,3,26-30 arası,?,Eşyasız,Boş,0 TL,0 TL (aylık),Hayır,9.100 TL,,,,,,,,,,,,,,,,,,,,
3 Aralık 2023,4839014,95,,,,3,Kombi (Doğalgaz),,Zemin Kat,,,,Boş,10.000 TL,,Hayır,10.000 TL,100m²,2,Danışman,Kat İrtifakı,,,,,,,,,,,,,,,,
3 Aralık 2023,4873893,420,550m²,5+1,4,6,Kombi (Doğalgaz),Bahçe Katı,Bahçe katı,16-20 arası,?,Eşyasız,Boş,,,Hayır,270.000 TL,,,Danışman,Kat Mülkiyeti,İkinci El,,Evet,,,,,,,,,,,,,
3 Aralık 2023,4904055,55,,,,,,,Giriş Katı,,,,Mülk Sahibi,,,Hayır,670.000 TL,68m²,,Danışman,,,Evet,,,,,,,,,,,,30 (kişi),,
2 Aralık 2023,4973639,110,130m²,3+1,1,6,,,1,21-25 arası,,Eşyasız,Boş,0 TL,0 TL (aylık),Hayır,20.000 TL,,,,,,,,,,,,,,,,,,,,
3 Aralık 2023,4946200,95,100m²,2+1,1,5,Kombi (Doğalgaz),Ara Kat,Kot 2,,?,Eşyasız,Boş,20.000 TL,50 TL (aylık),Hayır,10.000 TL,,,Danışman,,İkinci El,,Evet,,,,,,,,,,,,,
3 Aralık 2023,4904845,60,80m²,1+1,1,10-20 arası,Merkezi Sistem,Ara Kat,5,6-10 arası,?,Eşyalı (Mobilyalı),Boş,35.000 TL,0 TL (aylık),Hayır,35.000 TL,,,Danışman,,İkinci El,,,,,,,,,,,,,,,
3 Aralık 2023,4946330,85,90m²,2+1,1,5,Kalorifer (Doğalgaz),En Üst Kat,5,16-20 arası,?,Eşyasız,Boş,12.000 TL undefined,100 TL (aylık),Hayır,12.000 TL,,,Danışman,,,,,,,,,,,,,Avion Gayrimenkul,,,,
2 Aralık 2023,4973464,45,55m²,1+1,1,7,Kombi (Doğalgaz),Ara Kat,4,21-25 arası,?,Eşyalı (Mobilyalı),,27.000 TL,420 TL (aylık),Hayır,13.500 TL,,,Danışman,,İkinci El,,,,,,,,,,,,,,,
2 Aralık 2023,4973591,135,145m²,3+1,1,4,Kombi (Doğalgaz),Ara Kat,1,11-15 arası,,Eşyasız,Boş,,600 TL (aylık),Hayır,27.000 TL,,,Danışman,,İkinci El,,Evet,,,,,,,,,,,,,
2 Aralık 2023,4973421,90,110m²,2+1,1,10-20 arası,Kombi (Doğalgaz),Ara Kat,6,6-10 arası,?,Eşyalı (Mobilyalı),Boş,0 TL,0 TL (aylık),Hayır,16.000 TL,,,Danışman,,İkinci El,,Evet,,,,,,,,,,,,,
3 Aralık 2023,4774680,180,220m²,4+1,2,5,Merkezi Sistem,Ara Kat,4,31-35 arası,?,Sadece Beyaz Eşya,Boş,0 TL,600 TL (aylık),Hayır,46.000 TL,,,,,,,,,,,,,,,,,,,,
2 Aralık 2023,4973488,130,140m²,3+1,5,5,Kombi (Doğalgaz),Ara Kat,3,6-10 arası,?,Eşyasız,Boş,18.000 TL,200 TL (aylık),Hayır,18.000 TL,,,Danışman,İskanı Alınmış,İkinci El,,Evet,,,,,,,,,,,,,
2 Aralık 2023,4973313,110,125m²,3+1,2,5,Kombi (Doğalgaz),Ara Kat,3,6-10 arası,?,Eşyasız,Boş,0 TL,0 TL (aylık),Hayır,15.000 TL,,,Danışman,,,,Evet,,,,,,,,,,,,,
4 Aralık 2023,4974531,70,80m²,2+1,1,5,Merkezi Sistem (Isı Payı Ölçer),Bahçe Katı,Bahçe katı,31-35 arası,,Eşyasız,Kiracılı,,,Hayır,18.000 TL,,,,,,,,,,,,,,,,,,,,
3 Aralık 2023,4946694,400,500m²,5+2,4,3,Kalorifer (Doğalgaz),Tripleks,Müstakil,5,?,Eşyalı (Mobilyalı),Boş,500.000 TL,10.000 TL (aylık),Hayır,250.000 TL,,,İnşaat Geliştirici,,İkinci El,,,,,,,,,,,,,,,
4 Aralık 2023,4974469,80,96m²,2+1,2,6,Kombi (Doğalgaz),,3,5,,Eşyasız,Boş,,200 TL (aylık),Hayır,13.000 TL,,,,,,,,,,,,,,,,,,,,
3 Aralık 2023,4946333,110,120m²,3+1,2,5,Kombi (Doğalgaz),Ters Dubleks,Yüksek Giriş,3,,,,,,Hayır,12.000 TL,,,,,,,,,,,,,,,,,,,,
2 Aralık 2023,4944961,85,,,,,Kalorifer (Doğalgaz),,Zemin Kat,40 ve üzeri,,,Kiracılı,,,Hayır,550.000 TL,100m²,,Danışman,,,Evet,,,,,,,,,,,,40 (kişi),,
2 Aralık 2023,4773766,176,242m²,3+1,3,20 ve üzeri,Merkezi Sistem (Isı Payı Ölçer),Ara Kat,13,0,?,Eşyalı (Mobilyalı),Boş,,,Hayır,240.000 TL,,,Danışman,Kat Mülkiyeti,Sıfır,,,,,,,,,,,,,,,
2 Aralık 2023,3985614,,,,,4,Fancoil,,10,6-10 arası,,,,,,Hayır,190.000 TL,674m²,4,Danışman,Kat Mülkiyeti,,,,,,,,,,,,,,,,
2 Aralık 2023,4944672,200,,,,6,Kombi (Doğalgaz),,,26-30 arası,,,,0 TL,0 TL (aylık),Hayır,1.650.000 TL,230m²,10,Danışman,,,Evet,,,,,,,,,,,,,,
2 Aralık 2023,4704861,-,,,,,Combi Boiler (Natural Gas),,,,,,,0 TL,0 TL (aylık),Hayır,21.000 TL,160m²,1,,,,,,,,,,,,,,,,,,
2 Aralık 2023,4873318,100,112m²,2+1,1,20 ve üzeri,Merkezi Sistem (Isı Payı Ölçer),Ara Kat,9,11-15 arası,?,Eşyasız,Boş,30.000 TL,0 TL (aylık),Hayır,13.000 TL,,,Danışman,Kat Mülkiyeti,İkinci El,,,,,,,,,,,,,,,
2 Aralık 2023,4837834,60,70m²,1+1,1,5,Klima,,Bahçe katı,21-25 arası,?,Sadece Beyaz Eşya,Boş,0 TL,400 TL (aylık),Hayır,20.000 TL,,,,,,,,,,,,,,,,,,,,
2 Aralık 2023,4973676,110,115m²,2+1,1,5,Kombi (Doğalgaz),,5,21-25 arası,?,Eşyasız,Boş,15.000 TL,30 TL (aylık),Hayır,12.000 TL,,,Danışman,,İkinci El,,,,,,,,,,,,,,,
3 Aralık 2023,4903736,90,120m²,2+1,1,2,Kombi (Doğalgaz),En Üst Kat,2,11-15 arası,,Eşyalı (Mobilyalı),Boş,,,Hayır,22.500 TL,,,Danışman,,İkinci El,,,,,,,,,,,,,,,
2 Aralık 2023,4705905,180,219m²,3+1,3,20+,Central System (Heat Share Meter),Intermediate Floor,15,0,,Unfurnished,Vacant,,,Hayır,195.000 TL,,,Agent,Condominium,New Building,,,,,,,,,,,,,,Yes,
2 Aralık 2023,4973598,115,120m²,1+1,1,20 ve üzeri,Kombi (Doğalgaz),En Üst Kat,20 ve üzeri,0,?,Eşyalı (Mobilyalı),Boş,,,Hayır,15.000 TL,,,Danışman,Kat Mülkiyeti,Sıfır,,,,,,,,,,,,,,Evet,
2 Aralık 2023,4114347,,,,,6,Kombi (Doğalgaz),,,21-25 arası,,,Kiracılı,0 TL,,Hayır,150.000 TL,1200m²,,,Kat Mülkiyeti,İkinci El,,,,,,,,,,,,,,,
2 Aralık 2023,4569483,200,240m²,4+1,3,10-20 arası,Merkezi Sistem (Isı Payı Ölçer),Ara Kat,12,6-10 arası,?,Eşyasız,Boş,,,Hayır,160.000 TL,,,Danışman,Kat Mülkiyeti,İkinci El,,,,,,,,,,,,,,,
2 Aralık 2023,4739826,150,225m²,4+1,2,3,Merkezi Sistem (Isı Payı Ölçer),Bahçe Katı,Bahçe katı,4,?,Eşyalı (Mobilyalı),Mülk Sahibi,76.000 TL,3.500 TL (aylık),Hayır,38.000 TL,,,Danışman,Kat Mülkiyeti,İkinci El,,Evet,,,,,,,,,,,,,
2 Aralık 2023,4844202,80,85m²,1+1,1,4,Merkezi Sistem,Ara Kat,3,4,?,Eşyalı (Mobilyalı),Boş,25.000 TL,0 TL (aylık),Hayır,25.000 TL,,,Danışman,,Sıfır,,Evet,,,,,,,,,,,,,
2 Aralık 2023,4836817,58,65m²,1+1,1,1,Klima,,Bahçe katı,6-10 arası,?,Sadece Beyaz Eşya,Boş,0 TL,0 TL (aylık),Hayır,19.500 TL,,,,,,,,,,,,,,,,,,,,
2 Aralık 2023,4973417,,,,,,Merkezi Sistem (Isı Payı Ölçer),,10,5,,,Boş,,,Hayır,250.000 TL,790m²,,Danışman,,,,,,,,,,,,,,,,,
2 Aralık 2023,4873176,160,171m²,3+1,2,10-20 arası,Merkezi Sistem (Isı Payı Ölçer),Ara Kat,5,,?,Eşyasız,Boş,,1.500 TL (aylık),Hayır,18.000 TL,,,Danışman,Kat Mülkiyeti,,,,,,,,,,,,,,,,
2 Aralık 2023,4944466,55,60m²,2+1,1,5,,,Giriş Katı,6-10 arası,?,Eşyalı (Mobilyalı),Boş,0 TL,150 TL (aylık),Hayır,10.000 TL,,,,,,,,,,,,,,,,,,,,
2 Aralık 2023,4944465,65,75m²,2+1,1,6,,,Bahçe katı,6-10 arası,?,Eşyasız,Boş,0 TL undefined,150 TL (aylık),Hayır,11.500 TL,,,,,,,,,,,,,,,,,,,,
2 Aralık 2023,4944328,110,120m²,2+1,1,4,Kombi (Doğalgaz),Ara Kat,3,21-25 arası,?,,Boş,23.000 TL,,Hayır,10.000 TL,,,Danışman,,Sıfır,,,,,,,,,,,,,,,
1 Aralık 2023,4972768,90,100m²,2+1,1,4,Kombi (Doğalgaz),Bahçe Katı,Giriş Katı,16-20 arası,?,Eşyasız,Boş,10.000 TL,20 TL (aylık),Hayır,10.000 TL,,,Danışman,Kat İrtifakı,İkinci El,,,,,,,,,,,,,,,
2 Aralık 2023,4125911,,,,,4,Kombi (Doğalgaz),,,0,,,Boş,500.000 TL,,Hayır,250.000 TL,225m²,,Danışman,,Sıfır,,,Betonarme,,,,,,,,,,,,
2 Aralık 2023,4973623,115,120m²,1+1,0,6,Kombi (Doğalgaz),Ara Kat,2,0,?,Eşyasız,Boş,,,Hayır,11.000 TL,,,Danışman,Kat Mülkiyeti,Sıfır,,,,,,,,,,,,,,,
1 Aralık 2023,4747352,150,,,,,Klima,,Giriş Katı,0,,,Boş,30.000 TL,1.000 TL (aylık),Hayır,17.500 TL,155m²,1,Danışman,,,,,,,,,,,,,,,,,
2 Aralık 2023,4973433,85,90m²,2+1,1,3,Kombi (Doğalgaz),Ara Kat,Yüksek Giriş,11-15 arası,?,Eşyasız,Boş,9.500 TL,,Hayır,9.000 TL,,,Danışman,Kat Mülkiyeti,Sıfır,,,,,,,,,,,,,,,
2 Aralık 2023,4704857,-,,,,,Kombi (Doğalgaz),,,,,,,0 TL,0 TL (aylık),Hayır,21.000 TL,240m²,2,,,,,,,,,,,,,,,,,,
1 Aralık 2023,4972336,100,110m²,2+1,1,4,Kombi (Doğalgaz),,Yüksek Giriş,4,?,,Boş,,,Hayır,9.000 TL,,,,İskanı Alınmış,İkinci El,,,,,,,,,,,,,,Evet,
2 Aralık 2023,4903197,195,220m²,5+1,3,5,Merkezi Sistem (Isı Payı Ölçer),Ara Kat,1,21-25 arası,,,Mülk Sahibi,220.000 TL undefined,8.260 TL (aylık),Hayır,110.000 TL,,,,,,,,,,,,,,,,,,,,
1 Aralık 2023,4972231,60,75m²,2+1,1,5,,,Giriş Katı,11-15 arası,,Eşyasız,Boş,12.500 TL,150 TL (aylık),Hayır,12.500 TL,,,,,,,,,,,,,,,,,,,,
1 Aralık 2023,4971712,110,,,,,Merkezi Sistem,,Zemin Kat,31-35 arası,,,Boş,0 TL,600 TL (aylık),Hayır,29.500 TL,111m²,2,Danışman,Kat Mülkiyeti,,,,,,,,,,,,,,,,
2 Aralık 2023,4945016,135,150m²,3+1,1,1,Kombi (Doğalgaz),,1,,,,,42.000 TL,1.100 TL (aylık),Hayır,40.000 TL,,,Danışman,,,,,,,,,,,,,,,,,
2 Aralık 2023,4739292,-,,,,,Kombi (Doğalgaz),,,21-25 arası,,,,0 TL,0 TL (aylık),Hayır,1.500.000 TL,90m²,,,,,,,,,,,,,,,,,,,
2 Aralık 2023,4973292,75,85m²,2+1,1,9,Kombi (Doğalgaz),Ara Kat,6,11-15 arası,?,Eşyasız,Boş,0 TL,0 TL (aylık),Hayır,14.000 TL,,,Danışman,Kat Mülkiyeti,İkinci El,,,,,,,,,,,,,,,
2 Aralık 2023,4095084,150,180m²,3+1,2,7,Merkezi Sistem,Ara Kat,6,21-25 arası,?,Eşyalı (Mobilyalı),Boş,100.000 TL,,Hayır,200.000 TL,,,Danışman,Kat Mülkiyeti,İkinci El,,,,,,,,,,,,,,,
2 Aralık 2023,4973398,200,,,,1,Merkezi Sistem (Isı Payı Ölçer),,,,,,Boş,,,Hayır,110.000 TL,240m²,5,Danışman,,,,,,,,,,,,,,,,,
1 Aralık 2023,4973001,90,100m²,2+1,1,10-20 arası,,Ara Kat,11,26-30 arası,,Eşyasız,Boş,0 TL,0 TL (aylık),Hayır,16.000 TL,,,,,,,,,,,,,,,,,,,,
2 Aralık 2023,4944809,55,,,,5,Kombi (Doğalgaz),,Giriş Katı,21-25 arası,,,Boş,10.000 TL,,Hayır,10.000 TL,60m²,2,Danışman,,,,,,,,,,,,,,,,,
2 Aralık 2023,4973427,900,,,,,Merkezi Sistem (Isı Payı Ölçer),,,5,,,Boş,,,Hayır,350.000 TL,920m²,5,Danışman,,,,,,,,,,,,,,,,,
2 Aralık 2023,4837575,375,,,,,,,,,,,Boş,300.000 TL,0 TL (aylık),Hayır,290.000 TL,450m²,,,,,,,,,,,,,,,,,,,
2 Aralık 2023,4973656,80,85m²,2+1,1,5,Kombi (Doğalgaz),Ara Kat,2,31-35 arası,?,Eşyasız,Boş,,75 TL (aylık),Hayır,11.000 TL,,,Danışman,Hisseli Tapu,İkinci El,,,,,,,,,,,,,,,
1 Aralık 2023,4972139,200,230m²,4+2,3,3,Kombi (Doğalgaz),Çatı Dubleksi,3,,?,Eşyasız,Boş,,,Hayır,24.000 TL,,,Danışman,,İkinci El,,Evet,,,,,,,,,,,,,
2 Aralık 2023,4944514,1650,,,,4,Kombi (Doğalgaz),,1,11-15 arası,,,Boş,0 TL,0 TL (aylık),Hayır,300.000 TL,3500m²,10,,,,,,,,,,,,,,,,,,
2 Aralık 2023,4973509,75,90m²,2+1,1,6,Kombi (Doğalgaz),,1,6-10 arası,?,Eşyasız,Boş,20.000 TL,100 TL (aylık),Hayır,16.000 TL,,,Danışman,,,,,,,,,,,,,,,,,
2 Aralık 2023,4903224,,,,,10-20 arası,Yerden Isıtma,,13,3,,,Boş,,,Hayır,140.000 TL,90m²,2,,,,,,,,,,,,,,,,,,
1 Aralık 2023,4737497,,,,,,Kombi (Doğalgaz),,Bahçe katı,26-30 arası,,,,0 TL,0 TL (aylık),Hayır,40.000 TL,180m²,,,,,,,,,,,,,,,,,,,
1 Aralık 2023,4737507,120,140m²,2+1,2,4,Klima,Ters Dubleks,1,11-15 arası,?,Sadece Beyaz Eşya,Boş,0 TL,0 TL (aylık),Hayır,35.000 TL,,,,,,,,,,,,,,,,,,,,
1 Aralık 2023,4737510,90,127m²,2+1,2,20 ve üzeri,Klima,Ara Kat,17,6-10 arası,?,Sadece Beyaz Eşya,Boş,0 TL,0 TL (aylık),Hayır,40.000 TL,,,,,,,,,,,,,,,,,,,,
1 Aralık 2023,4737508,,,,,,Klima,,Giriş Katı,,,,,0 TL,0 TL (aylık),Hayır,780.000 TL,3500m²,,,,,,,,,,,,,,,,,,,
1 Aralık 2023,4737496,90,127m²,2+1,2,20 ve üzeri,Klima,Ara Kat,17,6-10 arası,?,Sadece Beyaz Eşya,Mülk Sahibi,0 TL,0 TL (aylık),Hayır,40.000 TL,,,,,,,,,,,,,,,,,,,,
2 Aralık 2023,4945100,43,60m²,1+1,1,20 ve üzeri,Merkezi Sistem (Isı Payı Ölçer),Ara Kat,14,0,?,Eşyasız,Boş,52.000 TL,,Hayır,26.000 TL,,,Danışman,Kat Mülkiyeti,Sıfır,,,,,,,,,,,,,,,
1 Aralık 2023,4871515,56,72m²,2+1,1,10-20 arası,Kombi (Doğalgaz),Bahçe Katı,Zemin Kat,11-15 arası,?,Eşyasız,Boş,34.000 TL,1.763 TL (aylık),Hayır,17.000 TL,,,Danışman,Kat Mülkiyeti,İkinci El,,,,,,,,,,,,,,,
1 Aralık 2023,4943774,279,,,,3,Kombi (Doğalgaz),,2,,,,Boş,66.250 TL,1.200 TL (aylık),Hayır,66.250 TL,280m²,4,Danışman,,,,,,,,,,,,,2225,4,,,
1 Aralık 2023,4942992,90,120m²,3+1,1,3,,En Üst Kat,3,31-35 arası,?,Eşyasız,Boş,0 TL,0 TL (aylık),Hayır,15.000 TL,,,,,,,,,,,,,,,,,,,,
1 Aralık 2023,4943014,65,80m²,2+1,1,4,Klima,,Bahçe katı,4,?,Sadece Beyaz Eşya,Boş,0 TL,200 TL (aylık),Hayır,24.000 TL,,,,,,,,,,,,,,,,,,,,
1 Aralık 2023,4942858,,,,,7,Kombi (Doğalgaz),,3,21-25 arası,,,Boş,30.000 TL,600 TL (aylık),Hayır,30.000 TL,180m²,1,Danışman,Kat Mülkiyeti,,,,,2 (metre),,,,,,,5409,2,,,
1 Aralık 2023,4942872,,,,,7,Kombi (Doğalgaz),,4,21-25 arası,,,,27.500 TL,600 TL (aylık),Hayır,27.500 TL,160m²,1,Danışman,Kat Mülkiyeti,,,,,2 (metre),,,,,,,5409,2,,,
1 Aralık 2023,4943266,70,85m²,2+1,1,5,,,Giriş Katı,6-10 arası,?,Eşyasız,Boş,0 TL,150 TL (aylık),Hayır,13.000 TL,,,,,,,,,,,,,,,,,,,,
1 Aralık 2023,4943281,80,100m²,2+1,2,5,,Ara Kat,2,6-10 arası,?,Eşyasız,Boş,0 TL,150 TL (aylık),Hayır,16.250 TL,,,,,,,,,,,,,,,,,,,,
1 Aralık 2023,4943283,110,125m²,3+1,2,5,,Ara Kat,3,6-10 arası,?,Eşyasız,Boş,0 TL,100 TL (aylık),Hayır,18.500 TL,,,,,,,,,,,,,,,,,,,,
1 Aralık 2023,4871669,65,75m²,1+1,1,20 ve üzeri,Merkezi Sistem (Isı Payı Ölçer),Ara Kat,15,1,,Eşyalı (Mobilyalı),Boş,,,Hayır,28.000 TL,,,Danışman,,Sıfır,,Evet,,,,,,,,,,,,,
1 Aralık 2023,4871975,300,330m²,4+1,2,5,,Çatı Dubleksi,5,16-20 arası,?,Eşyalı (Mobilyalı),Boş,0 TL,0 TL (aylık),Hayır,26.000 TL,,,Danışman,Kat Mülkiyeti,İkinci El,,,,,,,,,,,,,,,
1 Aralık 2023,4737488,,,,,,Merkezi Sistem (Isı Payı Ölçer),,20 ve üzeri,6-10 arası,,,,0 TL,0 TL (aylık),Hayır,40.000 TL,88m²,,,,,,,,,,,,,,,,,,,
1 Aralık 2023,4773866,200,220m²,4+1,3,3,Kombi (Doğalgaz),,2,4,,,Boş,0 TL,0 TL (aylık),Hayır,65.000 TL,,,,,İkinci El,,,,,,,,,,,,,,,
1 Aralık 2023,4773867,240,250m²,4+1,3,3,Kombi (Doğalgaz),,1,1,,,Boş,0 TL,0 TL (aylık),Hayır,28.000 TL,,,,,Sıfır,,,,,,,,,,,,,,,
1 Aralık 2023,4972216,85,95m²,2+1,1,5,Kombi (Doğalgaz),Ara Kat,4,26-30 arası,?,Eşyasız,Boş,12.000 TL,50 TL (aylık),Hayır,12.000 TL,,,Danışman,,İkinci El,,,,,,,,,,,,,,,
2 Aralık 2023,4944924,,,,,,Kombi (Doğalgaz),,,0,,,,0 TL,,Hayır,170.000 TL,750m²,,,,,,,,,,,,,,,,,,,
2 Aralık 2023,4773775,170,190m²,3+1,2,3,Kombi (Doğalgaz),,3,26-30 arası,,Eşyalı (Mobilyalı),Boş,0 TL,0 TL (aylık),Hayır,42.500 TL,,,,,İkinci El,,,,,,,,,,,,,,,
1 Aralık 2023,4737501,130,165m²,3+1,2,9,Klima,Ara Kat,3,6-10 arası,?,Sadece Beyaz Eşya,Kiracılı,0 TL,0 TL (aylık),Hayır,60.000 TL,,,,,,,,,,,,,,,,,,,,
1 Aralık 2023,4943269,60,75m²,1+1,1,5,,,Giriş Katı,6-10 arası,?,Sadece Beyaz Eşya,Boş,0 TL,150 TL (aylık),Hayır,12.750 TL,,,,,,,,,,,,,,,,,,,,
1 Aralık 2023,4943569,120,130m²,3+1,1,7,,Ara Kat,4,16-20 arası,?,Eşyasız,Boş,0 TL,150 TL (aylık),Hayır,19.500 TL,,,,,,,,,,,,,,,,,,,,
2 Aralık 2023,4872494,110,120m²,3+1,2,10-20 arası,Klima,Ara Kat,6,1,?,Eşyasız,Boş,0 TL,0 TL (aylık),Hayır,24.000 TL,,,,,,,,,,,,,,,,,,,,
1 Aralık 2023,4902874,90,95m²,2+1,1,5,Kombi (Doğalgaz),Ara Kat,2,26-30 arası,?,Eşyalı (Mobilyalı),Boş,,,Hayır,31.000 TL,,,Danışman,,İkinci El,,,,,,,,,,,,,,,
1 Aralık 2023,4942887,,,,,7,Kombi (Doğalgaz),,1,21-25 arası,,,Boş,15.000 TL undefined,300 TL (aylık),Hayır,15.000 TL,100m²,1,Danışman,Kat Mülkiyeti,,,,,2 (metre) undefined,,,,,,,5409,2,,,
1 Aralık 2023,4902458,75,90m²,2+1,1,4,Kombi (Doğalgaz),,2,0,,Sadece Beyaz Eşya,Boş,0 TL undefined,0 TL (aylık),Hayır,42.540 TL,,,,,Sıfır,,,,,,,,,,,,,,,
2 Aralık 2023,4176216,,,,,3,Kombi (Doğalgaz),,,31-35 arası,,,Mülk Sahibi,0 TL,,Hayır,85.000 TL,650m²,,,Kat Mülkiyeti,İkinci El,,,,,,,,Hayır,Taş Kaplama,,,,,,
1 Aralık 2023,4943260,75,85m²,2+1,1,5,,,Bahçe katı,4,?,Sadece Beyaz Eşya,Boş,0 TL,150 TL (aylık),Hayır,16.000 TL,,,,,,,,,,,,,,,,,,,,
2 Aralık 2023,4973486,65,78m²,1+1,1,4,Kombi (Doğalgaz),Giriş Kat,Giriş Katı,6-10 arası,?,Eşyalı (Mobilyalı),Boş,24.000 TL,,Hayır,12.000 TL,,,Danışman,Kat Mülkiyeti,Sıfır,,,,,,,,,,,,,,,
2 Aralık 2023,4872419,100,,,,,Yok,,,,,,,0 TL,0 TL (aylık),Hayır,16.000 TL,120m²,2,,,,,,,,,,,,,,,,,,
2 Aralık 2023,4837819,107,150m²,3+1,2,9,Merkezi Sistem,Ara Kat,7,,,,,70.000 TL,,Hayır,33.000 TL,,,,,,,,,,,,,,,,,,,,
2 Aralık 2023,4737071,-,,,,,Kombi (Doğalgaz),,,,,,,0 TL,0 TL (aylık),Hayır,19.000 TL,100m²,1,,,,,,,,,,,,,,,,,,
2 Aralık 2023,4944467,80,90m²,2+1,1,4,,,Giriş Katı,4,?,Eşyalı (Mobilyalı),Boş,0 TL,100 TL (aylık),Hayır,15.000 TL,,,,,,,,,,,,,,,,,,,,
2 Aralık 2023,4944473,120,130m²,2+1,2,4,,,1,16-20 arası,?,Eşyasız,Boş,0 TL,50 TL (aylık),Hayır,10.000 TL,,,,,,,,,,,,,,,,,,,,
2 Aralık 2023,4837645,-,,,,,Merkezi Sistem (Isı Payı Ölçer),,,,,,,0 TL undefined,0 TL (aylık),Hayır,750.000 TL,101m²,,,,,,,,,,,,,,,,,,,
2 Aralık 2023,4740238,128,,,,,,,,26-30 arası,,,Boş,,,Hayır,20.000 TL,138m²,,,,,,,,,,,,,,,,,,,
2 Aralık 2023,4944605,85,100m²,3+1,1,5,Kombi (Doğalgaz),Ara Kat,4,31-35 arası,?,Eşyasız,Boş,,75 TL (aylık),Hayır,21.250 TL,,,Danışman,,İkinci El,,,,,,,,,,,,,,,
1 Aralık 2023,4972719,85,95m²,2+1,1,3,,,3,0,,Eşyasız,Boş,14.000 TL,50 TL (aylık),Hayır,14.000 TL,,,,,,,,,,,,,,,,,,,,
2 Aralık 2023,4643983,95,110m²,2+1,1,5,Kombi (Doğalgaz),Ara Kat,2,3,?,Eşyasız,Boş,,,Hayır,6.500 TL,,,Danışman,Kat Mülkiyeti,İkinci El,,,,,,,,,,,,,,,
1 Aralık 2023,4943927,65,75m²,2+1,1,4,Kombi (Doğalgaz),Ara Kat,2,26-30 arası,,,Boş,,,Hayır,15.000 TL,,,Danışman,,İkinci El,,,,,,,,,,,,,,,
1 Aralık 2023,4973013,35,40m²,1+1,1,4,Yok,Bahçe Katı,Bahçe katı,26-30 arası,,Eşyasız,Boş,,,Hayır,8.000 TL,,,,,İkinci El,,,,,,,,,,,,,,,
2 Aralık 2023,4973582,70,80m²,2+1,1,3,Kombi (Doğalgaz),Bahçe Katı,Bodrum Kat,,,,Boş,,,Hayır,7.500 TL,,,Danışman,,İkinci El,,,,,,,,,,,,,,,
1 Aralık 2023,4972934,,,,,7,Yok,,7,26-30 arası,,,,10.500 TL,100 TL (aylık),Hayır,10.500 TL,25m²,1,Danışman,Kat İrtifakı,,,,,,,,,,,,,,,,
2 Aralık 2023,4916318,55,60m²,1+1,1,,Kombi (Doğalgaz),Teras Katı,Teras Kat,11-15 arası,,Eşyasız,Boş,,,Hayır,8.500 TL,,,Danışman,,İkinci El,,,,,,,,,,,,,,,
1 Aralık 2023,4876920,120,140m²,3+1,1,5,Kombi (Doğalgaz),En Üst Kat,5,0,?,Eşyasız,Boş,,600 TL (aylık),Hayır,32.000 TL,,,Danışman,Kat Mülkiyeti,Sıfır,,,,,,,,,,,,,,,
1 Aralık 2023,4943480,268,275m²,8+1,4,10-20 arası,Kombi (Doğalgaz),Dubleks,6,26-30 arası,,,Boş,0 TL,0 TL (aylık),Hayır,70.000 TL,,,,Arsa Tapulu,İkinci El,,,,,,,,,,,,,,,
1 Aralık 2023,4902333,350,400m²,5+1,3,20 ve üzeri,Klima,Ara Kat,20 ve üzeri,11-15 arası,?,Eşyasız,Kiracılı,0 TL,0 TL (aylık),Hayır,270.000 TL,,,,,,,,,,,,,,,,,,,,
1 Aralık 2023,4973147,90,95m²,2+1,1,,,,,,,,,,,Hayır,11.000 TL,,,,,,,,,,,,,,,,,,,,
1 Aralık 2023,4943594,85,90m²,2+1,1,4,Kalorifer (Doğalgaz),Ara Kat,Kot 3,11-15 arası,?,Eşyasız,Boş,0 TL,100 TL (aylık),Hayır,15.000 TL,,,Danışman,Kat İrtifakı,İkinci El,,,,,,,,,,,,,,,
30 Kasım 2023,4972072,150,,,,5,Yok,,,16-20 arası,,,Boş,19.950 TL undefined,0 TL (aylık),Hayır,19.950 TL,165m²,2,Danışman,,,,,,,,,,,,,,,,,
2 Aralık 2023,4944460,110,120m²,3+1,1,5,Kombi (Doğalgaz),Ara Kat,3,21-25 arası,?,Eşyasız,,12.000 TL,35 TL (aylık),Hayır,12.000 TL,,,Danışman,Kat Mülkiyeti,,,,,,,,,,,,,,,,
2 Aralık 2023,4945426,130,,,,5,Kalorifer (Doğalgaz),,Giriş Katı,40 ve üzeri,,,Boş,95.000 TL,,Hayır,90.000 TL,150m²,3,Danışman,,,,,,,,,,,,,,,,,
1 Aralık 2023,4937750,90,100m²,2+1,1,4,Kalorifer (Doğalgaz),Ara Kat,Yüksek Giriş,21-25 arası,?,Eşyasız,Boş,10.000 TL,100 TL (aylık),Hayır,10.000 TL,,,Danışman,Hisseli Tapu,,,,,,,,,,,,,,,,
1 Aralık 2023,4943117,36,110m²,1+1,1,20 ve üzeri,,Bahçe Katı,Bahçe katı,1,?,Eşyalı (Mobilyalı),Boş,,,Hayır,22.000 TL,,,,,,,,,,,,,,,,,,,,
1 Aralık 2023,4943777,34,55m²,1+1,1,10-20 arası,Merkezi Sistem (Isı Payı Ölçer),,1,4,?,Eşyasız,Boş,,,Hayır,18.000 TL,,,,Kat Mülkiyeti,,,,,,,,,,,,,,,,
1 Aralık 2023,4703770,100,124m²,3+1,2,4,Yerden Isıtma,Bahçe Katı,Bahçe katı,2,?,Eşyalı (Mobilyalı),Boş,34.000 TL,1.650 TL (aylık),Hayır,19.500 TL,,,Danışman,İskanı Alınmış,İkinci El,,,,,,,,,,,,,,,
1 Aralık 2023,4943005,95,120m²,3+1,1,4,,En Üst Kat,4,31-35 arası,?,Eşyasız,Boş,0 TL,0 TL (aylık),Hayır,20.000 TL,,,,,,,,,,,,,,,,,,,,
1 Aralık 2023,4944046,90,110m²,2+1,1,4,Kombi (Doğalgaz),,Yüksek Giriş,31-35 arası,,,Boş,0 TL,0 TL (aylık),Hayır,12.000 TL,,,,Arsa Tapulu,İkinci El,,,,,,,,,,,,,,,
2 Aralık 2023,4773478,55,75m²,1+1,1,,,,,,,,,,,Hayır,9.000 TL,,,,,,,,,,,,,,,,,,,,
1 Aralık 2023,4474127,1800,,,,,,,,,,,Boş,0 TL,0 TL (aylık),Hayır,130.000 TL,1850m²,,Danışman,Kat Mülkiyeti,,,,,,,,,,,,,,,,
1 Aralık 2023,4943264,,,,,,,,,,,,,0 TL,,Hayır,350.000 TL,2750m²,,,,,,,,,,,,Evet,,,,,,,
1 Aralık 2023,4972385,420,475m²,5+1,5,8,Merkezi Sistem (Isı Payı Ölçer),En Üst Kat,8,6-10 arası,?,Eşyasız,Mülk Sahibi,,,Hayır,550.000 TL,,,Danışman,Kat Mülkiyeti,İkinci El,,,,,,,,,,,,,,,
1 Aralık 2023,4872137,126,136m²,3+1,1,10-20 arası,Kombi (Doğalgaz),Ara Kat,6,,?,Eşyalı (Mobilyalı),Boş,,700 TL (aylık),Hayır,18.500 TL,,,,,İkinci El,,,,,,,,,,,,,,,
2 Aralık 2023,4945356,32,48m²,1+0 (Stüdyo),1,20 ve üzeri,Merkezi Sistem,Ara Kat,7,4,?,Eşyasız,Boş,0 TL,0 TL (aylık),Hayır,22.000 TL,,,,,,,,,,,,,,,,,,,,
1 Aralık 2023,4972352,80,85m²,2+1,1,4,,Giriş Kat,Yüksek Giriş,31-35 arası,,Eşyasız,Boş,12.500 TL undefined,,Hayır,12.500 TL,,,Danışman,,İkinci El,,,,,,,,,,,,,,,
1 Aralık 2023,4943010,75,80m²,2+1,1,5,Kombi (Doğalgaz),Ara Kat,3,26-30 arası,,,Boş,,,Hayır,11.000 TL,,,Danışman,,İkinci El,,,,,,,,,,,,,,,
1 Aralık 2023,4972670,300,360m²,5+1,5,3,Yerden Isıtma,Tripleks,1,0,,,Boş,0 TL,0 TL (aylık),Hayır,90.000 TL,,,,,Sıfır,,,,,,,,,,,,,,,
30 Kasım 2023,4972027,75,90m²,2+1,1,10-20 arası,Kalorifer (Doğalgaz),Ara Kat,4,1,?,Eşyalı (Mobilyalı),Boş,45.000 TL,,Hayır,28.750 TL,,,Danışman,,İkinci El,,Evet,,,,,,,,,,,,,
1 Aralık 2023,4902569,52,78m²,1+1,1,10-20 arası,Merkezi Sistem (Isı Payı Ölçer),Ara Kat,7,0,?,Eşyasız,Boş,0 TL,0 TL (aylık),Hayır,20.000 TL,,,,,,,,,,,,,,,,,,,,
1 Aralık 2023,4902909,80,85m²,2+1,1,1,Kombi (Doğalgaz),Ara Kat,3,26-30 arası,?,Eşyasız,Boş,14.000 TL,50 TL (aylık),Hayır,14.000 TL,,,Danışman,Kat Mülkiyeti,,,,,,,,,,,,,,,,
1 Aralık 2023,4800184,90,100m²,,,,,,,,,,,0 TL,,Hayır,12.000 TL,,,,,,,,,,,,,Hayır,,,,,,,
2 Aralık 2023,4836808,,,,,,,,,,,,,0 TL,,Hayır,25.000 TL,4059m²,,,Müstakil Parsel,,,,,,,,,,,Tarla,,,,,Evet
30 Kasım 2023,4971999,110,130m²,3+1,2,20 ve üzeri,Merkezi Sistem (Isı Payı Ölçer),Ara Kat,11,0,,,Boş,,,Hayır,22.500 TL,,,Danışman,,Sıfır,,Evet,,,,,,,,,,,,,
1 Aralık 2023,4871635,70,85m²,2+1,1,5,,,,6-10 arası,?,Eşyasız,Boş,0 TL,0 TL (aylık),Hayır,16.000 TL,,,,,,,,,,,,,,,,,,,,
2 Aralık 2023,4650643,,,,,4,,,,0,,,,0 TL,,Hayır,4.000.000 TL,30000m²,,,,,,,,,32000 (m²),30000 (m²),,,,,,,,,
1 Aralık 2023,4942884,252,349m²,4+1,3,20 ve üzeri,Fancoil,,20 ve üzeri,1,?,Eşyasız,,1.000.000 TL,21.950 TL (aylık),Hayır,500.000 TL,,,Danışman,,,,,,,,,,,,,,,,,
3 Aralık 2023,4874229,,,,,,,,,,,,,,,Hayır,16.000 TL,200m²,,,,,,,,,,,,,,,,,,,
1 Aralık 2023,4902540,98,120m²,3+1,1,6,Kombi (Doğalgaz),Ara Kat,3,40 ve üzeri,?,Eşyalı (Mobilyalı),Boş,80.000 TL,2.000 TL (aylık),Hayır,40.000 TL,,,Danışman,Kat Mülkiyeti,İkinci El,,,,,,,,,,,,,,,
1 Aralık 2023,4902849,105,120m²,3+1,1,10,Kombi (Doğalgaz),Giriş Kat,Zemin Kat,26-30 arası,?,Eşyalı (Mobilyalı),Boş,,650 TL (aylık),Hayır,21.500 TL,,,Danışman,,İkinci El,,,,,,,,,,,,,,,
2 Aralık 2023,4872417,-,,,,,Klima,,,21-25 arası,,,,0 TL,0 TL (aylık),Hayır,600.000 TL,60m²,,,,,,,,,,,,,,,,,,,
2 Aralık 2023,4944718,50,70m²,1+0 (Stüdyo),1,,,,,,,,,,,Hayır,30.000 TL,,,,,,,,,,,,,,,,,,,,
1 Aralık 2023,4972141,75,85m²,2+1,1,4,Merkezi Sistem,,Yüksek Giriş,31-35 arası,,Eşyalı (Mobilyalı),Boş,50.000 TL,200 TL (aylık),Hayır,24.500 TL,,,,,,,,,,,,,,,,,,,,
1 Aralık 2023,4972209,80,85m²,2+1,1,10-20 arası,Merkezi Sistem,,4,11-15 arası,,,Boş,0 TL,0 TL (aylık),Hayır,15.000 TL,,,,,İkinci El,,,,,,,,,,,,,,,
30 Kasım 2023,4972055,110,120m²,3+1,1,,,,,,,,,,,Hayır,9.000 TL,,,,,,,,,,,,,,,,,,,,
1 Aralık 2023,4943666,110,125m²,2+1,2,10-20 arası,Merkezi Sistem (Isı Payı Ölçer),Ara Kat,7,6-10 arası,?,Eşyalı (Mobilyalı),Boş,,,Hayır,30.000 TL,,,Danışman,,Sıfır,,,,,,,,,,,,,,,
30 Kasım 2023,4374849,,,,,,Fancoil,,10,Between 6-10,,,,0 TL undefined,3.500 TL (aylık),Hayır,550.000 TL,1455m²,,,,,,,,,,,,,,,,,,,
30 Kasım 2023,4871001,,,,,,Fancoil,,10,6-10 arası,,,,0 TL,1.400 TL (aylık),Hayır,41.000 TL,101m²,,,,,,,,,,,,,,,,,,,
30 Kasım 2023,4871149,,,,,3,Fancoil,,,6-10 arası,,,,0 TL,0 TL (aylık),Hayır,1.100.000 TL,2500m²,,,,,,,,,,,,,,,,,,,
30 Kasım 2023,4873312,,,,,,Klima,,1,6-10 arası,,,,0 TL,0 TL (aylık),Hayır,85.000 TL,300m²,,,,,,,,,,,,,,,,,,,
30 Kasım 2023,4886856,,,,,,Kombi (Doğalgaz),,4,31-35 arası,,,,0 TL,0 TL (aylık),Hayır,180.000 TL,1800m²,,,,,,,,,,,,,,,,,,,
30 Kasım 2023,4915497,,,,,,Fancoil,,3,6-10 arası,,,,0 TL,13.700 TL (aylık),Hayır,130.000 TL,286m²,,,,,,,,,,,,,,,,,,,
30 Kasım 2023,4956531,,,,,4,Merkezi Sistem,,,21-25 arası,,,Boş,0 TL,,Hayır,250.000 TL,2m²,,,,,,,,,,,,,,,,,,,
30 Kasım 2023,4956553,,,,,,Fancoil,,10,6-10 arası,,,,0 TL,2.198 TL (aylık),Hayır,72.000 TL,157m²,,,,,,,,,,,,,,,,,,,
30 Kasım 2023,4956547,-,,,,,Kombi (Doğalgaz),,,,,,,0 TL,0 TL (aylık),Hayır,1.500.000 TL,180m²,,,,,,,,,,,,,,,,,,,
30 Kasım 2023,4956561,,,,,,Fancoil,,10,6-10 arası,,,,0 TL,0 TL (aylık),Hayır,65.500 TL,143m²,,,,,,,,,,,,,,,,,,,
30 Kasım 2023,4970645,,,,,,Klima,,,6-10 arası,,,Boş,0 TL,,Hayır,155.000 TL,800m²,,,,İkinci El,,,,,,,,Evet,,,,,,,
1 Aralık 2023,4902382,130,150m²,2+1,2,8,Merkezi Sistem (Isı Payı Ölçer),Ara Kat,7,6-10 arası,?,Eşyalı (Mobilyalı),Boş,,,Hayır,80.000 TL,,,Danışman,Kat Mülkiyeti,İkinci El,,,,,,,,,,,,,,,
30 Kasım 2023,4871106,1150,1250m²,8+3,4,4,,,Müstakil,11-15 arası,?,Eşyasız,Boş,500.000 TL,0 TL (aylık),Hayır,250.000 TL,,,,,,,,,,,,,,,,,,,,
30 Kasım 2023,4956558,38,47m²,1+1,1,20 ve üzeri,Merkezi Sistem (Isı Payı Ölçer),,13,11-15 arası,?,Eşyasız,Boş,26.000 TL,0 TL (aylık),Hayır,13.000 TL,,,,,,,,,,,,,,,,,,,,
30 Kasım 2023,4956614,115,152m²,3+1,2,10-20 arası,Merkezi Sistem (Isı Payı Ölçer),Ara Kat,2,3,?,Eşyasız,Boş,38.000 TL,1.950 TL (aylık),Hayır,17.000 TL,,,,,,,,,,,,,,,,,,,,
30 Kasım 2023,4956613,50,75m²,2+1,1,10-20 arası,Merkezi Sistem (Isı Payı Ölçer),Ara Kat,6,11-15 arası,?,Eşyasız,Boş,33.000 TL,1.600 TL (aylık),Hayır,15.000 TL,,,,,,,,,,,,,,,,,,,,
30 Kasım 2023,4971587,127,128m²,3+1,1,5,Kombi (Doğalgaz),Ara Kat,5,31-35 arası,?,Eşyasız,Boş,,,Hayır,15.000 TL,,,Danışman,Kat Mülkiyeti,İkinci El,,,,,,,,,,,,,,,
1 Aralık 2023,4886937,700,,,,,Kombi (Doğalgaz),,1,11-15 arası,,,Boş,0 TL,0 TL (aylık),Hayır,220.000 TL,1100m²,,,,,,,,,,,,,,,,,,,
1 Aralık 2023,4972602,135,150m²,3+1,2,5,Kombi (Doğalgaz),Ara Kat,3,5,,,,13.900 TL,,Hayır,13.900 TL,,,,,,,,,,,,,,,,,,,,
1 Aralık 2023,4973119,90,95m²,2+1,1,,Kombi (Doğalgaz),,Bahçe katı,,,Eşyasız,Boş,,,Hayır,15.000 TL,,,Danışman,,,,,,,,,,,,,,,,,
30 Kasım 2023,4940792,,,,,,Yok,,4,0,,,,0 TL,0 TL (aylık),Hayır,55.000 TL,200m²,,,,,,,,,,,,,,,,,,,
1 Aralık 2023,4972487,140,150m²,3+1,1,5,Kombi (Doğalgaz),Ara Kat,2,21-25 arası,?,Eşyasız,Boş,,50 TL (aylık),Hayır,12.000 TL,,,Danışman,Kat Mülkiyeti,İkinci El,,,,,,,,,,,,,,,
1 Aralık 2023,4943261,85,100m²,2+1,1,4,,Ara Kat,2,11-15 arası,?,Eşyalı (Mobilyalı),Boş,0 TL undefined,100 TL (aylık),Hayır,25.000 TL,,,,,,,,,,,,,,,,,,,,
30 Kasım 2023,4971985,50,75m²,1+1,1,10,Merkezi Sistem (Isı Payı Ölçer),Ara Kat,7,6-10 arası,?,Eşyalı (Mobilyalı),Boş,27.000 TL,,Hayır,18.000 TL,,,Danışman,,İkinci El,,Evet,,,,,,,,,,,,,
2 Aralık 2023,4636139,-,,,,,Kombi (Doğalgaz),,,,,,,0 TL,0 TL (aylık),Hayır,95.000 TL,1000m²,4,,,,,,,,,,,,,,,,,,
1 Aralık 2023,4192060,,,,,5,Kombi (Doğalgaz),,,0,,,Boş,65.000 TL,,Hayır,65.000 TL,250m²,,Danışman,Kat Mülkiyeti,Sıfır,,,Betonarme,,,250 (m²),,Evet,Betonarme,,,,,,
2 Aralık 2023,4836805,70,75m²,2+1,1,5,,,2,11-15 arası,?,Eşyasız,Boş,0 TL,100 TL (aylık),Hayır,15.500 TL,,,,,,,,,,,,,,,,,,,,
30 Kasım 2023,4886550,,,,,,Merkezi Sistem,,,11-15 arası,,,,0 TL,,Hayır,300.000 TL,2220m²,,,,,,,,,,,,,,,,,,,
30 Kasım 2023,4940798,,,,,,None,,4,0,,,,0 TL undefined,0 TL (aylık),Hayır,35.000 TL,130m²,,,,,,,,,,,,,,,,,,,
30 Kasım 2023,4971357,57,81m²,1+1,1,20 ve üzeri,Merkezi Sistem (Isı Payı Ölçer),Ara Kat,7,3,,Eşyalı (Mobilyalı),Boş,32.000 TL,1.800 TL (aylık),Hayır,16.000 TL,,,,,,,,,,,,,,,,,,,,
1 Aralık 2023,4737492,90,120m²,2+1,2,8,Klima,Ara Kat,3,6-10 arası,?,Sadece Beyaz Eşya,Kiracılı,0 TL,0 TL (aylık),Hayır,39.500 TL,,,,,,,,,,,,,,,,,,,,
1 Aralık 2023,4902601,160,165m²,3+1,2,2,Kat Kaloriferi,Dubleks,Müstakil,26-30 arası,?,Eşyasız,Kiracılı,,,Hayır,220.000 TL,,,Danışman,,İkinci El,,,,,,,,,,,,,,,
30 Kasım 2023,4940780,,,,,,Merkezi Sistem (Isı Payı Ölçer),,1,6-10 arası,,,,0 TL,0 TL (aylık),Hayır,42.000 TL,200m²,,,,,,,,,,,,,,,,,,,
30 Kasım 2023,4956544,,,,,,Merkezi Sistem,,7,4,,,,0 TL,0 TL (aylık),Hayır,25.000 TL,110m²,,,,,,,,,,,,,,,,,,,
30 Kasım 2023,4970660,,,,,,Klima,,,6-10 arası,,,,0 TL,0 TL (aylık),Hayır,80.000 TL,300m²,,,,,,,,,,,,,,,,,,,
1 Aralık 2023,4972957,,,,,7,Klima,,2,6-10 arası,,,Boş,0 TL,0 TL (aylık),Hayır,60.000 TL,200m²,5,,,,,,,,,,,,,,,,,,
30 Kasım 2023,4869812,90,115m²,,,10-20 arası,Klima,,7,6-10 arası,,,Mülk Sahibi,0 TL undefined,0 TL (aylık),Hayır,50.000 TL,,,,,,,,,,,,,,,,,,,,
30 Kasım 2023,4869804,,,,,,Merkezi Sistem (Isı Payı Ölçer),,7,6-10 arası,,,,0 TL,0 TL (aylık),Hayır,50.000 TL,115m²,,,,,,,,,,,,,,,,,,,
30 Kasım 2023,4869811,120,160m²,,,20 ve üzeri,Klima,,12,6-10 arası,,,Mülk Sahibi,0 TL,0 TL (aylık),Hayır,65.000 TL,,,,,,,,,,,,,,,,,,,,
30 Kasım 2023,4816052,,,,,3,Merkezi Sistem,,3,0,,,Boş,248.200 TL,0 TL (aylık),Hayır,124.100 TL,91m²,2,Danışman,,,,,,,,,,,,,,,,,
30 Kasım 2023,4870973,70,100m²,2+1,1,5,Kombi (Doğalgaz),Ara Kat,2,26-30 arası,?,Eşyasız,Boş,,,Hayır,20.000 TL,,,Danışman,Kat Mülkiyeti,İkinci El,,Evet,,,,,,,,,46,1,,,
30 Kasım 2023,4902222,75,95m²,2+1,2,10-20 arası,Yerden Isıtma,Ara Kat,4,1,?,Sadece Beyaz Eşya,Boş,0 TL undefined,0 TL (aylık),Hayır,32.500 TL,,,,,,,,,,,,,,,,,,,,
30 Kasım 2023,4902203,35,60m²,1+1,1,10-20 arası,Klima,Ara Kat,8,4,?,Sadece Beyaz Eşya,Boş,0 TL,0 TL (aylık),Hayır,22.000 TL,,,,,,,,,,,,,,,,,,,,
30 Kasım 2023,4942386,70,110m²,1+1,1,8,Merkezi Sistem,,Bahçe katı,40 ve üzeri,,,Kiracılı,0 TL,0 TL (aylık),Hayır,15.500 TL,,,,Kat Mülkiyeti,İkinci El,,,,,,,,,,,,,,,
30 Kasım 2023,4942466,100,120m²,3+1,1,5,Kombi (Doğalgaz),Ara Kat,4,16-20 arası,?,Eşyasız,Boş,,200 TL (aylık),Hayır,18.500 TL,,,Danışman,,İkinci El,,,,,,,,,,,,,,,
30 Kasım 2023,4902249,50,,,,3,Yok,,Giriş Katı,,,,Boş,9.000 TL,0 TL (aylık),Hayır,9.000 TL,60m²,1,Danışman,,,,,,,,,,,,,,,,,
30 Kasım 2023,4901812,150,180m²,3+1,2,10,Merkezi Sistem (Isı Payı Ölçer),Ara Kat,8,0,?,Eşyasız,Boş,0 TL undefined,0 TL (aylık),Hayır,30.000 TL,,,Danışman,,Sıfır,,,,,,,,,,,,,,,
30 Kasım 2023,4923455,70,,,,,Fancoil,,,1,,,,0 TL,0 TL (aylık),Hayır,45.000 TL,100m²,1,,,,,,,,,,,,,,,,,,
30 Kasım 2023,4870045,200,225m²,4+1,2,7,Kombi (Doğalgaz),,3,6-10 arası,,,Mülk Sahibi,0 TL,0 TL (aylık),Hayır,33.000 TL,,,,,İkinci El,,,,,,,,,,,,,,,
30 Kasım 2023,4870260,45,60m²,,0,5,,,,4,,,Boş,,,Hayır,13.250 TL,,,Danışman,,İkinci El,,,,,,,,,,,,,,,
30 Kasım 2023,4902223,100,120m²,2+1,1,5,Merkezi Sistem (Isı Payı Ölçer),Ara Kat,Kot 1,6-10 arası,,Sadece Mutfak,Boş,,750 TL (aylık),Hayır,18.000 TL,,,Danışman,,İkinci El,,,,,,,,,,,,,,,
30 Kasım 2023,4870341,,,,,,Klima,,,0,,,,0 TL undefined,,Hayır,75.000 TL,285m²,,,,,,,,,,,,,,,,,,,
1 Aralık 2023,4972494,85,90m²,2+1,1,4,Kombi (Doğalgaz),Ara Kat,2,21-25 arası,?,Eşyasız,Boş,,,Hayır,9.000 TL,,,Danışman,Hisseli Tapu,İkinci El,,Evet,,,,,,,,,,,,,
30 Kasım 2023,4970665,40,57m²,1+1,1,10-20 arası,Merkezi Sistem (Isı Payı Ölçer),Ara Kat,6,6-10 arası,?,Eşyalı (Mobilyalı),Boş,0 TL,0 TL (aylık),Hayır,21.500 TL,,,,,,,,,,,,,,,,,,,,
2 Aralık 2023,4646489,75,108m²,2+1,1,20 ve üzeri,Klima,Ara Kat,18,1,?,Eşyalı (Mobilyalı),Boş,54.450 TL,0 TL (aylık),Hayır,45.000 TL,,,Danışman,,,,,,,,,,,,,,,,,
2 Aralık 2023,4973293,130,150m²,3+1,1,6,Kombi (Doğalgaz),Giriş Kat,Giriş Katı,36-40 arası,,Eşyalı (Mobilyalı),Boş,,,Hayır,37.000 TL,,,Danışman,,İkinci El,,,,,,,,,,,,,,,
1 Aralık 2023,4942986,80,100m²,2+1,2,4,Kombi (Doğalgaz),Ara Kat,3,5,?,Eşyalı (Mobilyalı),Boş,,,Hayır,25.000 TL,,,Danışman,,İkinci El,,,,,,,,,,,,,,,
30 Kasım 2023,4970511,55,79m²,1+1,1,20 ve üzeri,Merkezi Sistem (Isı Payı Ölçer),,2,3,?,Eşyalı (Mobilyalı),Boş,35.000 TL,1.800 TL (aylık),Hayır,17.500 TL,,,,,,,,,,,,,,,,,,,,
30 Kasım 2023,4811214,128,150m²,2+1,2,9,Merkezi Sistem (Isı Payı Ölçer),Ara Kat,7,11-15 arası,?,Sadece Beyaz Eşya,Boş,0 TL,0 TL (aylık),Hayır,45.000 TL,,,,,,,,,,,,,,,,,,,,
30 Kasım 2023,4935384,,,,,20 ve üzeri,Merkezi Sistem,,3,0,,,Boş,33.000 TL,,Hayır,16.500 TL,50m²,1,Danışman,,,,,,,,,,,,,,,,,
30 Kasım 2023,4970506,,,,,,Klima,,,16-20 arası,,,,0 TL undefined,,Hayır,58.000 TL,550m²,,,,,,,,,,,,,,,,,,,
30 Kasım 2023,4870995,,,,,5,Kombi (Doğalgaz),,2,26-30 arası,,,Boş,21.000 TL,0 TL (aylık),Hayır,21.000 TL,70m²,3,Danışman,Kat Mülkiyeti,,,,,,,,,,,,,,,,
1 Aralık 2023,4972149,75,85m²,1+1,1,8,Merkezi Sistem (Isı Payı Ölçer),,Bahçe katı,6-10 arası,,Eşyalı (Mobilyalı),Boş,50.000 TL,1.500 TL (aylık),Hayır,18.500 TL,,,Danışman,,,,,,,,,,,,,,,,,
30 Kasım 2023,4971889,100,110m²,3+1,1,4,Kombi (Doğalgaz),Ara Kat,1,6-10 arası,?,,,,,Hayır,15.000 TL,,,Danışman,,,,,,,,,,,,,,,,,
30 Kasım 2023,4870328,110,120m²,3+1,1,5,Merkezi Sistem,,Giriş Katı,26-30 arası,?,Eşyasız,Boş,0 TL,300 TL (aylık),Hayır,15.000 TL,,,,,,,,,,,,,,,,,,,,
30 Kasım 2023,4872929,,,,,,Fancoil,,2,6-10 arası,,,,0 TL,0 TL (aylık),Hayır,55.000 TL,205m²,,,,,,,,,,,,,,,,,,,
30 Kasım 2023,4971033,90,100m²,2+1,1,5,,,Giriş Katı,6-10 arası,?,Eşyasız,Boş,12.000 TL,0 TL (aylık),Hayır,12.000 TL,,,,,,,,,,,,,,,,,,,,
1 Aralık 2023,4943048,130,140m²,3+1,1,5,Kombi (Doğalgaz),Ara Kat,2,11-15 arası,?,Eşyasız,Boş,,100 TL (aylık),Hayır,30.000 TL,,,Danışman,,İkinci El,,,,,,,,,,,,,,,
30 Kasım 2023,4956598,55,79m²,1+1,1,20 ve üzeri,Merkezi Sistem (Isı Payı Ölçer),Ara Kat,16,3,?,Eşyasız,Boş,0 TL,1.800 TL (aylık),Hayır,15.000 TL,,,,,,,,,,,,,,,,,,,,
1 Aralık 2023,4943134,90,95m²,3+1,1,4,Kombi (Doğalgaz),Giriş Kat,Yüksek Giriş,5,?,Eşyasız,Boş,,100 TL (aylık),Hayır,16.000 TL,,,Danışman,,İkinci El,,,,,,,,,,,,,,,
30 Kasım 2023,4902229,56,72m²,1+1,1,10-20 arası,Merkezi Sistem (Isı Payı Ölçer),Ara Kat,7,1,?,Eşyalı (Mobilyalı),Boş,70.000 TL,,Hayır,35.000 TL,,,Danışman,,İkinci El,,,,,,,,,,,,,,,
2 Aralık 2023,4944528,,,,,6,,,,,,,,,,Hayır,295.000 TL,1480m²,,,,,,,,,,,,,,,,,,,
2 Aralık 2023,4873144,100,120m²,3+1,1,5,,,2,36-40 arası,?,Eşyasız,,27.500 TL,150 TL (aylık),Hayır,27.500 TL,,,Danışman,,İkinci El,,,,,,,,,,,,,,,
30 Kasım 2023,4971557,85,90m²,2+1,1,9,Kombi (Doğalgaz),,4,26-30 arası,?,Eşyasız,Boş,,,Hayır,11.000 TL,,,Danışman,,İkinci El,,Evet,,,,,,,,,,,,,
30 Kasım 2023,4873327,,,,,,Yok,,,26-30 arası,,,,0 TL,,Hayır,80.000 TL,400m²,,,,,,,,,,,,,,,,,,,
30 Kasım 2023,4970483,,,,,,Klima,,,16-20 arası,,,,0 TL,,Hayır,120.000 TL,1000m²,,,,,,,,,,,,,,,,,,,
30 Kasım 2023,4971364,130,179m²,,1,10,Merkezi Sistem (Isı Payı Ölçer),,,6-10 arası,,,Boş,,,Hayır,35.000 TL,,,Danışman,Kat Mülkiyeti,İkinci El,,,,,,,,,,,,,,,
30 Kasım 2023,4873296,45,60m²,1+1,1,5,Merkezi Sistem (Isı Payı Ölçer),Ara Kat,4,0,?,Eşyasız,Boş,24.000 TL,0 TL (aylık),Hayır,12.000 TL,,,,,,,,,,,,,,,,,,,,
30 Kasım 2023,4901353,140,170m²,3+1,2,20 ve üzeri,Klima,Bahçe Dubleksi,Bahçe katı,11-15 arası,?,Sadece Beyaz Eşya,Boş,0 TL,0 TL (aylık),Hayır,60.000 TL,,,,,,,,,,,,,,,,,,,,
3 Aralık 2023,4973784,100,110m²,2+1,1,5,Kombi (Doğalgaz),Ara Kat,Kot 1,11-15 arası,?,Eşyasız,Boş,25.000 TL,100 TL (aylık),Hayır,12.500 TL,,,Danışman,Kat Mülkiyeti,İkinci El,,,,,,,,,,,,,,,
30 Kasım 2023,4737066,45,67m²,1+1,1,20 ve üzeri,Klima,Ara Kat,1,1,?,Eşyalı (Mobilyalı),Boş,,0 TL (aylık),Hayır,30.000 TL,,,,,,,,,,,,,,,,,,,,
30 Kasım 2023,4970491,,,,,,Merkezi Sistem,,,21-25 arası,,,,0 TL,12.000 TL (aylık),Hayır,65.000 TL,600m²,,,,,,,,,,,,,,,,,,,
1 Aralık 2023,4942822,38,55m²,1+1,1,20 ve üzeri,Merkezi Sistem (Isı Payı Ölçer),Ara Kat,5,1,?,Eşyasız,Boş,25.000 TL,1.500 TL (aylık),Hayır,12.500 TL,,,Danışman,,Sıfır,,Evet,,,,,,,,,,,,,
30 Kasım 2023,4902102,70,80m²,2+1,1,10-20 arası,Kombi (Doğalgaz),,13,26-30 arası,,Eşyalı (Mobilyalı),Boş,0 TL,0 TL (aylık),Hayır,15.000 TL,,,,,İkinci El,,,,,,,,,,,,,,,
30 Kasım 2023,4870876,150,165m²,3+1,2,6,Kombi (Doğalgaz),,4,0,?,Eşyasız,Boş,,0 TL (aylık),Hayır,16.000 TL,,,Danışman,Kat Mülkiyeti,Sıfır,,Evet,,,,,,,,,,,,,
2 Aralık 2023,4903159,85,100m²,2+1,1,6,Kombi (Doğalgaz),Giriş Kat,Zemin Kat,0,?,Eşyasız,Boş,20.000 TL undefined,100 TL (aylık),Hayır,10.000 TL,,,Danışman,Kat Mülkiyeti,Sıfır,,Evet,,,,,,,,,,,,,
30 Kasım 2023,4970489,,,,,,Merkezi Sistem,,,16-20 arası,,,,0 TL undefined,0 TL (aylık),Hayır,65.000 TL,600m²,,,,,,,,,,,,,,,,,,,
30 Kasım 2023,4896788,115,130m²,3+1,1,5,Kombi (Doğalgaz),Giriş Kat,Yüksek Giriş,21-25 arası,,Eşyasız,Boş,,80 TL (aylık),Hayır,11.500 TL,,,Danışman,,İkinci El,,Evet,,,,,,,,,,,,,
30 Kasım 2023,4870816,400,450m²,5+1,3,3,Kombi (Doğalgaz),Tripleks,Müstakil,21-25 arası,?,Eşyasız,Boş,240.000 TL,0 TL (aylık),Hayır,120.000 TL,,,Danışman,,İkinci El,,Evet,,,,,,,,,,,,,
1 Aralık 2023,4972999,120,140m²,3+2,2,5,Kombi (Doğalgaz),Çatı Dubleksi,5,11-15 arası,,,Boş,0 TL,0 TL (aylık),Hayır,18.000 TL,,,,,İkinci El,,,,,,,,,,,,,,,
2 Aralık 2023,4739374,125,130m²,4+1,2,5,,,5,16-20 arası,?,Eşyasız,Boş,0 TL,0 TL (aylık),Hayır,13.000 TL,,,,,,,,,,,,,,,,,,,,
30 Kasım 2023,4871126,-,,,,,Kombi (Doğalgaz),,,21-25 arası,,,,0 TL,0 TL (aylık),Hayır,195.000 TL,1530m²,2,,,,,,,,,,,,,,,,,,
2 Aralık 2023,4873131,46,68m²,1+1,1,20 ve üzeri,Klima,Ara Kat,20 ve üzeri,6-10 arası,?,Sadece Beyaz Eşya,Boş,0 TL,0 TL (aylık),Hayır,36.425 TL,,,,,,,,,,,,,,,,,,,,
30 Kasım 2023,4873074,-,,,,,Fancoil,,,6-10 arası,,,,0 TL,0 TL (aylık),Hayır,85.000 TL,170m²,1,,,,,,,,,,,,,,,,,,
30 Kasım 2023,4914324,55,60m²,1+1,1,20 ve üzeri,Merkezi Sistem (Isı Payı Ölçer),,8,11-15 arası,?,Eşyasız,Boş,28.000 TL,2.500 TL (aylık),Hayır,14.000 TL,,,,,,,,,,,,,,,,,,,,
30 Kasım 2023,4956564,55,60m²,1+1,1,20 ve üzeri,,,6,11-15 arası,?,Eşyalı (Mobilyalı),Boş,32.000 TL,2.480 TL (aylık),Hayır,16.000 TL,,,,,,,,,,,,,,,,,,,,
30 Kasım 2023,4970505,,,,,,Kombi (Doğalgaz),,,21-25 arası,,,,0 TL,0 TL (aylık),Hayır,35.000 TL,250m²,,,,,,,,,,,,,,,,,,,
30 Kasım 2023,4956576,110,120m²,3+1,1,3,,Ara Kat,1,6-10 arası,?,Eşyasız,Boş,0 TL,0 TL (aylık),Hayır,18.000 TL,,,,,,,,,,,,,,,,,,,,
30 Kasım 2023,4970631,55,60m²,1+1,1,20 ve üzeri,Merkezi Sistem (Isı Payı Ölçer),,11,11-15 arası,?,Eşyasız,Boş,28.000 TL,2.460 TL (aylık),Hayır,14.000 TL,,,,,,,,,,,,,,,,,,,,
30 Kasım 2023,4726106,160,170m²,3+1,1,5,,Ara Kat,2,16-20 arası,?,Eşyasız,Boş,30.000 TL,100 TL (aylık),Hayır,30.000 TL,,,Danışman,Hisseli Tapu,İkinci El,,,,,,,,,,,,,,,
30 Kasım 2023,4835594,,,,,2,Kombi (Doğalgaz),,,0,,,,,,Hayır,2.000.000 TL,15000m²,,Danışman,Kat Mülkiyeti,Sıfır,,,,,12000 (m²),15000 (m²),11 (metre),,,,,,,,
30 Kasım 2023,4374725,300,,,,,Fancoil,,,2,,,,0 TL undefined,0 TL (aylık),Hayır,105.000 TL,360m²,1,,,,,,,,,,,,,,,,,,
30 Kasım 2023,4901317,355,410m²,4+1,4,10-20 arası,Klima,Ara Kat,4,6-10 arası,?,Sadece Beyaz Eşya,Boş,0 TL,0 TL (aylık),Hayır,200.000 TL,,,,,,,,,,,,,,,,,,,,
30 Kasım 2023,4970626,70,72m²,1+1,1,20+,Central System (Heat Share Meter),,8,Between 11-15,?,Furnished,Vacant,31.000 TL,2.550 TL (aylık),Hayır,16.500 TL,,,,,,,,,,,,,,,,,,,,
30 Kasım 2023,4971036,100,110m²,3+1,2,3,,Ara Kat,Giriş Katı,16-20 arası,?,Eşyasız,Boş,20.000 TL,0 TL (aylık),Hayır,19.000 TL,,,Danışman,,İkinci El,,,,,,,,,,,,,,,
30 Kasım 2023,4873331,,,,,,Kombi (Doğalgaz),,,0,,,,0 TL,,Hayır,105.000 TL,1275m²,,,,,,,,,,,,,,,,,,,
30 Kasım 2023,4873367,,,,,,Yok,,,0,,,,0 TL,,Hayır,130.000 TL,300m²,,,,,,,,,,,,,,,,,,,
30 Kasım 2023,4901365,135,171m²,3+1,2,10-20 arası,Klima,Ara Kat,8,6-10 arası,?,Sadece Beyaz Eşya,Boş,0 TL,0 TL (aylık),Hayır,95.000 TL,,,,,,,,,,,,,,,,,,,,
30 Kasım 2023,4902044,,,,,5,Merkezi Sistem,,2,31-35 arası,,,Boş,14.000 TL,,Hayır,7.000 TL,20m²,1,Danışman,,,,,,,,,,,,,,,,,
30 Kasım 2023,4886554,145,165m²,3+1,2,5,Central System (Heat Share Meter),Intermediate Floor,4,Between 6-10,?,Unfurnished,Vacant,0 TL,0 TL (aylık),Hayır,45.000 TL,,,,,,,,,,,,,,,,,,,,
30 Kasım 2023,4870897,140,150m²,2+1,2,6,Kombi (Doğalgaz),En Üst Kat,6,0,?,Eşyasız,Boş,,,Hayır,16.000 TL,,,Danışman,Kat Mülkiyeti,Sıfır,,Evet,,,,,,,,,,,,,
1 Aralık 2023,4972163,-,,,,,,,,,,,,0 TL,100 TL (aylık),Hayır,1.100.000 TL,500m²,,,,,,,,,,,,,,,,,,,
1 Aralık 2023,4737509,150,200m²,3+1,2,10-20 arası,Merkezi Sistem (Isı Payı Ölçer),Ara Kat,9,4,?,Eşyasız,Boş,0 TL,0 TL (aylık),Hayır,70.000 TL,,,,,,,,,,,,,,,,,,,,
30 Kasım 2023,4972040,80,90m²,2+1,1,4,Kombi (Doğalgaz),En Üst Kat,4,21-25 arası,?,Eşyalı (Mobilyalı),Boş,,,Hayır,17.016 TL,,,Danışman,Kat Mülkiyeti,İkinci El,,,,,,,,,,,,,,,
30 Kasım 2023,4971294,64,84m²,2+1,2,10-20 arası,Merkezi Sistem (Isı Payı Ölçer),Ara Kat,8,0,?,Sadece Mutfak,Boş,35.000 TL,,Hayır,17.500 TL,,,Danışman,Kat Mülkiyeti,Sıfır,,Evet,,,,,,,,,,,,,
30 Kasım 2023,4956545,,,,,,Soba (Kömür),,,16-20 arası,,,Boş,0 TL,,Hayır,28.000 TL,150m²,,,,,,,,,,,,,,,,,,,
30 Kasım 2023,4970476,,,,,,Yok,,,0,,,Boş,0 TL,,Hayır,300.000 TL,900m²,,,,Sıfır,,,,,,,,Evet,,,,,,,
30 Kasım 2023,4871090,,,,,,Fancoil,,6,16-20 arası,,,,0 TL,0 TL (aylık),Hayır,30.000 TL,25m²,,,,,,,,,,,,,,,,,,,
30 Kasım 2023,4525459,,,,,5,Kombi (Doğalgaz),,3,2,,,Boş,16.800 TL,0 TL (aylık),Hayır,14.000 TL,80m²,3,,,,,,,,,,,,,,,,,,
30 Kasım 2023,4951795,130,135m²,4+1,2,,,,,,,,,,,Hayır,17.000 TL,,,,,,,,,,,,,,,,,,,,
30 Kasım 2023,4941848,,,,,,,,,11-15 arası,,,Boş,,,Hayır,105.000 TL,940m²,,Danışman,,,,,,,,,,Evet,,,,,,,
1 Aralık 2023,4943004,-,,,,,,,,,,,,0 TL,0 TL (aylık),Hayır,45.000 TL,170m²,,,,,,,,,,,,,,,,,,,
30 Kasım 2023,4956623,-,,,,,Kombi (Doğalgaz),,,,,,,0 TL,0 TL (aylık),Hayır,21.000 TL,160m²,,,,,,,,,,,,,,,,,,,
30 Kasım 2023,4942439,100,110m²,2+1,1,6,Kombi (Doğalgaz),Giriş Kat,Giriş Katı,31-35 arası,?,Eşyasız,Boş,22.000 TL,100 TL (aylık),Hayır,11.000 TL,,,Danışman,,,,Evet,,,,,,,,,,,,Evet,
30 Kasım 2023,4869517,,,,,1,Kombi (Doğalgaz),,,2,,,Mülk Sahibi,0 TL,,Hayır,550.000 TL,6700m²,,,Kat Mülkiyeti,İkinci El,,,,,,5800 (m²),,Evet,,,,,,,
30 Kasım 2023,4941843,100,165m²,3+1,2,10-20 arası,Merkezi Sistem (Isı Payı Ölçer),,4,4,?,Eşyasız,Boş,48.000 TL undefined,3.250 TL (aylık),Hayır,24.000 TL,,,Danışman,Kat Mülkiyeti,İkinci El,,Evet,,,,,,,,,,,,,
30 Kasım 2023,4465200,460,480m²,5+2,4,2,Kombi (Doğalgaz),Dubleks,1,31-35 arası,,Eşyalı (Mobilyalı),Mülk Sahibi,0 TL undefined,0 TL (aylık),Hayır,98.000 TL,,,,,İkinci El,,,,,,,,,,,,,,,
30 Kasım 2023,4901250,56,89m²,1+1,1,20 ve üzeri,Klima,Ara Kat,13,4,?,Sadece Beyaz Eşya,Boş,0 TL,0 TL (aylık),Hayır,45.000 TL,,,,,,,,,,,,,,,,,,,,
30 Kasım 2023,4956599,175,205m²,4+1,3,10,Yerden Isıtma,,Bahçe katı,0,?,Eşyasız,Boş,80.000 TL undefined,0 TL (aylık),Hayır,38.000 TL,,,,,,,,,,,,,,,,,,,,
30 Kasım 2023,4972054,75,85m²,2+1,1,4,Kombi (Doğalgaz),,,0,?,Eşyasız,Boş,,0 TL (aylık),Hayır,9.000 TL,,,,,,,,,,,,,,,,,,,,
29 Kasım 2023,4971180,55,88m²,2+1,2,20 ve üzeri,Merkezi Sistem (Isı Payı Ölçer),Ara Kat,7,0,?,Eşyasız,Boş,30.000 TL undefined,1.250 TL (aylık),Hayır,15.000 TL,,,Danışman,İskanı Alınmış,Sıfır,,,,,,,,,,,,,,,
30 Kasım 2023,4970479,,,,,,Kombi (Doğalgaz),,,21-25 arası,,,,0 TL,,Hayır,120.000 TL,900m²,,,,,,,,,,,,,,,,,,,
30 Kasım 2023,4970486,,,,,,Klima,,,16-20 arası,,,,0 TL,,Hayır,45.000 TL,400m²,,,,,,,,,,,,,,,,,,,
30 Kasım 2023,4957850,100,120m²,2+1,1,10-20 arası,Merkezi Sistem (Isı Payı Ölçer),Ara Kat,2,4,?,Eşyalı (Mobilyalı),Boş,16.000 TL,0 TL (aylık),Hayır,14.000 TL,,,,,,,,,,,,,,,,,,,,
30 Kasım 2023,4901285,155,185m²,3+1,2,4,Klima,Ara Kat,2,11-15 arası,?,Sadece Beyaz Eşya,Boş,0 TL,0 TL (aylık),Hayır,90.000 TL,,,,,,,,,,,,,,,,,,,,
1 Aralık 2023,4943237,80,,,,,,,,,,,,,,Hayır,90.000 TL,90m²,2,,,,,,,,,,,,,,,,,,
30 Kasım 2023,4970457,55,60m²,1+1,1,20 ve üzeri,Merkezi Sistem (Isı Payı Ölçer),,11,11-15 arası,?,Eşyalı (Mobilyalı),Boş,31.000 TL,2.500 TL (aylık),Hayır,15.500 TL,,,,,,,,,,,,,,,,,,,,
30 Kasım 2023,4970663,75,85m²,2+1,1,4,,,2,31-35 arası,?,Eşyasız,Boş,0 TL,0 TL (aylık),Hayır,20.000 TL,,,,,,,,,,,,,,,,,,,,
30 Kasım 2023,4901800,155,165m²,3+1,2,5,Kombi (Doğalgaz),Çatı Dubleksi,5,,,Eşyasız,Boş,,0 TL (aylık),Hayır,32.000 TL,,,,,İkinci El,,,,,,,,,,,,,,,
30 Kasım 2023,4941884,100,150m²,3+1,2,10-20 arası,Merkezi Sistem (Isı Payı Ölçer),Ara Kat,4,4,?,Eşyasız,Boş,44.000 TL,3.250 TL (aylık),Hayır,22.000 TL,,,Danışman,Kat Mülkiyeti,İkinci El,,Evet,,,,,,,,,,,,,
30 Kasım 2023,4971811,60,86m²,1+1,1,20 ve üzeri,Merkezi Sistem (Isı Payı Ölçer),Ara Kat,2,6-10 arası,,Eşyalı (Mobilyalı),Boş,,,Hayır,23.000 TL,,,,,İkinci El,,,,,,,,,,,,,,,
30 Kasım 2023,4836212,150,155m²,3+1,1,5,Kombi (Doğalgaz),Ara Kat,2,21-25 arası,?,Eşyasız,Boş,14.050 TL,100 TL (aylık),Hayır,14.050 TL,,,Danışman,Arsa Tapulu,İkinci El,,,,,,,,,,,,,,,
30 Kasım 2023,4873334,,,,,,Kombi (Doğalgaz),,,11-15 arası,,,,0 TL,,Hayır,190.000 TL,1550m²,,,,,,,,,,,,,,,,,,,
30 Kasım 2023,4942296,70,80m²,2+1,1,5,Güneş Enerjisi,,Giriş Katı,6-10 arası,,Eşyalı (Mobilyalı),Boş,0 TL,0 TL (aylık),Hayır,12.000 TL,,,,Arsa Tapulu,İkinci El,,,,,,,,,,,,,,,
30 Kasım 2023,4942280,,,,,,Combi Boiler (Natural Gas),,1,,,,Vacant,60.000 TL,,Hayır,30.000 TL,120m²,3,Agent,,,,,,,,,,,,,,,,,
30 Kasım 2023,4871213,110,115m²,3+1,1,1,Kombi (Doğalgaz),Ara Kat,1,0,?,Eşyasız,Boş,30.000 TL,,Hayır,26.000 TL,,,Danışman,Kat İrtifakı,Sıfır,,,,,,,,,,,,,,,
30 Kasım 2023,4901841,,,,,5,Kombi (Doğalgaz),,,16-20 arası,,,Boş,5.000.000 TL,,Hayır,2.250.000 TL,19000m²,,Danışman,Kat Mülkiyeti,İkinci El,,,,,19000 (m²),14000 (m²),5.5 (metre),Evet,,,,,,,
30 Kasım 2023,4901806,,,,,7,Kombi (Doğalgaz),,,16-20 arası,,,Boş,3.000.000 TL,,Hayır,1.550.000 TL,20000m²,,Danışman,Kat Mülkiyeti,İkinci El,,,,,3700 (m²),17500 (m²),5.5 (metre),Evet,,,,,,,
30 Kasım 2023,4970482,55,60m²,1+1,1,20 ve üzeri,Merkezi Sistem (Isı Payı Ölçer),,10,11-15 arası,?,Eşyalı (Mobilyalı),Boş,32.000 TL,2.500 TL (aylık),Hayır,16.000 TL,,,,,,,,,,,,,,,,,,,,
30 Kasım 2023,4956596,,,,,,Kombi (Doğalgaz),,,11-15 arası,,,,0 TL,,Hayır,510.000 TL,4250m²,,,,,,,,,,,,,,,,,,,
30 Kasım 2023,4970508,,,,,,Yok,,,0,,,,0 TL undefined,,Hayır,200.000 TL,900m²,,,,,,,,,,,,,,,,,,,
30 Kasım 2023,4870939,450,,,,4,Merkezi Sistem,,Giriş Katı,6-10 arası,,,Boş,,,Hayır,320.000 TL,500m²,1,Danışman,Kat Mülkiyeti,,,,,,,,,,,,,,,,
30 Kasım 2023,4901346,46,66m²,1+0 (Stüdyo),1,20 ve üzeri,Klima,Ara Kat,20 ve üzeri,4,?,Sadece Beyaz Eşya,Boş,0 TL,0 TL (aylık),Hayır,30.000 TL,,,,,,,,,,,,,,,,,,,,
1 Aralık 2023,4973199,100,,,,,,,,,,,,,,Hayır,17.500 TL,105m²,,,,,,,,,,,,,,,,,,,
30 Kasım 2023,4901361,370,404m²,4+1,4,20 ve üzeri,Klima,Ara Kat,6,4,?,Sadece Beyaz Eşya,Boş,0 TL,0 TL (aylık),Hayır,200.000 TL,,,,,,,,,,,,,,,,,,,,
29 Kasım 2023,4970827,-,70m²,,,6,Merkezi Sistem (Isı Payı Ölçer),,,0,,,Boş,0 TL undefined,0 TL (aylık),Hayır,39.000 TL,,,,,Sıfır,,,,,,,,Evet,,,,,,,
30 Kasım 2023,4970467,,,,,,Yok,,,0,,,,0 TL,,Hayır,240.000 TL,900m²,,,,,,,,,,,,,,,,,,,
30 Kasım 2023,4873363,,,,,,Kombi (Doğalgaz),,,4,,,,0 TL,,Hayır,175.000 TL,750m²,,,,,,,,,,,,,,,,,,,
30 Kasım 2023,4972068,,,,,5,Yok,,,40 ve üzeri,,,Boş,15.000 TL,,Hayır,15.000 TL,130m²,,Danışman,,İkinci El,,,,,,130 (m²),2.5 (metre),,,,,,,,
29 Kasım 2023,4970796,65,96m²,1+1,1,20 ve üzeri,Merkezi Sistem (Isı Payı Ölçer),Ara Kat,6,4,?,Eşyalı (Mobilyalı),Boş,0 TL,0 TL (aylık),Hayır,39.999 TL,,,,,,,,,,,,,,,,,,,,
29 Kasım 2023,4970897,125,160m²,2+1,2,20 ve üzeri,Merkezi Sistem (Isı Payı Ölçer),Ara Kat,20 ve üzeri,6-10 arası,,Eşyalı (Mobilyalı),Boş,0 TL,0 TL (aylık),Hayır,68.000 TL,,,,,,,,,,,,,,,,,,,,
30 Kasım 2023,4870685,120,150m²,4+1,1,5,Kombi (Doğalgaz),,Yüksek Giriş,40 ve üzeri,,Eşyasız,Boş,60.000 TL,0 TL (aylık),Hayır,32.000 TL,,,,,İkinci El,,,,,,,,,,,,,,,
30 Kasım 2023,4497253,595,,,,4,Kombi (Doğalgaz),,Zemin Kat,21-25 arası,,,Kiracılı,40.000 TL,0 TL (aylık),Hayır,40.000 TL,700m²,2,Danışman,Kat Mülkiyeti,,,,,,,,,,,,,,,,
30 Kasım 2023,4757984,43,,,,4,Merkezi Sistem (Isı Payı Ölçer),,Zemin Kat,1,,,Boş,260.000 TL,1.000 TL (aylık),Hayır,130.000 TL,50m²,2,Danışman,Kat Mülkiyeti,,,,,,,,,,,,,,,,
30 Kasım 2023,4901871,37,56m²,1+1,1,10-20 arası,Merkezi Sistem (Isı Payı Ölçer),Ara Kat,2,5,,Eşyalı (Mobilyalı),Boş,,,Hayır,22.500 TL,,,Danışman,,İkinci El,,,,,,,,,,,,,,,
29 Kasım 2023,4970798,105,120m²,2+1,1,20 ve üzeri,Merkezi Sistem (Isı Payı Ölçer),Ara Kat,20 ve üzeri,6-10 arası,?,Eşyalı (Mobilyalı),Boş,0 TL,0 TL (aylık),Hayır,59.999 TL,,,,,,,,,,,,,,,,,,,,
29 Kasım 2023,4970850,75,90m²,2+1,2,10-20 arası,Merkezi Sistem (Isı Payı Ölçer),Ara Kat,9,6-10 arası,?,Eşyalı (Mobilyalı),Kiracılı,0 TL,0 TL (aylık),Hayır,35.000 TL,,,,,,,,,,,,,,,,,,,,
30 Kasım 2023,4970474,,,,,,Yok,,,0,,,,0 TL,,Hayır,260.000 TL,970m²,,,,,,,,,,,,,,,,,,,
30 Kasım 2023,4870678,88,95m²,1+1,1,20 ve üzeri,Merkezi Sistem (Isı Payı Ölçer),Ara Kat,15,5,,Eşyalı (Mobilyalı),Boş,80.000 TL,1.500 TL (aylık),Hayır,55.000 TL,,,Danışman,,İkinci El,,,,,,,,,,,,,,,
29 Kasım 2023,4970582,85,110m²,2+1,2,10-20 arası,Merkezi Sistem (Isı Payı Ölçer),Ara Kat,12,0,?,Eşyasız,Boş,0 TL,0 TL (aylık),Hayır,23.000 TL,,,,,,,,,,,,,,,,,,,,
2 Aralık 2023,3587524,,,,,,,,,,,,,,,Hayır,8.000 TL,140m²,,,,,,,,,,,,,,,,,,,
30 Kasım 2023,4956586,,,,,,Kombi (Doğalgaz),,,4,,,Boş,0 TL,,Hayır,175.000 TL,750m²,,,,İkinci El,,,,,,,,Evet,,,,,,,
1 Aralık 2023,3879771,55,65m²,,,,,,,,,,,0 TL,0 TL (aylık),Hayır,17.000 TL,,,,,,,,,,,,,,,,,,,,
30 Kasım 2023,4901258,45,65m²,1+0 (Stüdyo),1,20 ve üzeri,Klima,Ara Kat,4,6-10 arası,?,Sadece Beyaz Eşya,Boş,0 TL,0 TL (aylık),Hayır,30.000 TL,,,,,,,,,,,,,,,,,,,,
30 Kasım 2023,4901270,60,80m²,1+1,1,10-20 arası,Yerden Isıtma,,5,1,?,Eşyasız,Boş,0 TL,0 TL (aylık),Hayır,40.000 TL,,,,,,,,,,,,,,,,,,,,
29 Kasım 2023,4970763,110,,,,,Kombi (Doğalgaz),,,6-10 arası,,,,0 TL,0 TL (aylık),Hayır,15.000 TL,120m²,,,,,,,,,,,,,,,,,,,
29 Kasım 2023,4970619,,,,,6,Klima,,4,5,,,Boş,160.000 TL,0 TL (aylık),Hayır,80.000 TL,90m²,2,Danışman,,,,,,,,,,,,,,,,,
30 Kasım 2023,4901663,,,,,20 ve üzeri,Merkezi Sistem (Isı Payı Ölçer),,20 ve üzeri,6-10 arası,,,Boş,,,Hayır,1.700.000 TL,1300m²,1,,Kat Mülkiyeti,,,,,,,,,,,,,,,,
30 Kasım 2023,4901357,56,82m²,1+1,1,20 ve üzeri,Klima,Ara Kat,15,6-10 arası,?,Sadece Beyaz Eşya,Boş,0 TL,0 TL (aylık),Hayır,35.000 TL,,,,,,,,,,,,,,,,,,,,
29 Kasım 2023,4331947,90,100m²,2+1,2,10-20 arası,Kombi (Doğalgaz),,3,0,,Eşyalı (Mobilyalı),Boş,0 TL undefined,0 TL (aylık),Hayır,30.000 TL,,,Danışman,Kat Mülkiyeti,Sıfır,,,,,,,,,,,,,,,
29 Kasım 2023,4970556,,,,,6,Klima,,4,5,,,Boş,200.000 TL,0 TL (aylık),Hayır,100.000 TL,120m²,3,Danışman,,,,,,,,,,,,,,,,,
29 Kasım 2023,4970794,110,185m²,3+1,2,10-20 arası,Merkezi Sistem (Isı Payı Ölçer),Ara Kat,6,6-10 arası,?,Eşyasız,Boş,0 TL,0 TL (aylık),Hayır,60.000 TL,,,,,,,,,,,,,,,,,,,,
29 Kasım 2023,4970820,160,218m²,3+1,2,20 ve üzeri,Merkezi Sistem (Isı Payı Ölçer),Ara Kat,17,6-10 arası,?,Eşyasız,Boş,0 TL,0 TL (aylık),Hayır,70.000 TL,,,,,,,,,,,,,,,,,,,,
29 Kasım 2023,4970575,100,105m²,2+1,1,10-20 arası,Kombi (Doğalgaz),,13,6-10 arası,,Sadece Beyaz Eşya,Boş,0 TL,0 TL (aylık),Hayır,52.000 TL,,,,,İkinci El,,,,,,,,,,,,,,,
30 Kasım 2023,4345957,,,,,6,Kombi (Doğalgaz),,,21-25 arası,,,Boş,,,Hayır,16.000 TL,150m²,,Danışman,Arsa Tapulu,İkinci El,,,,,320 (m²),300 (m²),4 (metre),,,,,,,,
29 Kasım 2023,4970529,60,75m²,1+1,1,10-20 arası,Kombi (Doğalgaz),Ara Kat,9,6-10 arası,?,Eşyalı (Mobilyalı),Boş,0 TL,0 TL (aylık),Hayır,15.000 TL,,,Danışman,,Sıfır,,Evet,,,,,,,,,,,,,
30 Kasım 2023,4971355,120,140m²,4+1,1,2,,,Müstakil,4,,Eşyasız,Boş,0 TL,0 TL (aylık),Hayır,30.000 TL,,,,,,,,,,,,,,,,,,,,
29 Kasım 2023,4970896,90,164m²,2+1,2,20 ve üzeri,Merkezi Sistem (Isı Payı Ölçer),Ara Kat,20 ve üzeri,6-10 arası,,Eşyalı (Mobilyalı),Boş,0 TL,0 TL (aylık),Hayır,65.000 TL,,,,,,,,,,,,,,,,,,,,
29 Kasım 2023,4970460,,,,,6,Klima,,4,5,,,Boş,226.000 TL,0 TL (aylık),Hayır,113.000 TL,128m²,3,Danışman,,,,,,,,,,,,,,,,,
29 Kasım 2023,4970421,,,,,6,Klima,,4,5,,,Boş,100.000 TL,0 TL (aylık),Hayır,50.000 TL,62m²,1,Danışman,,,,,,,,,,,,,,,,,
30 Kasım 2023,4901328,140,185m²,3+1,2,9,Klima,Ara Kat,3,0,?,Sadece Beyaz Eşya,Boş,0 TL,0 TL (aylık),Hayır,80.000 TL,,,,,,,,,,,,,,,,,,,,
30 Kasım 2023,4971876,85,95m²,2+1,1,5,Kombi (Doğalgaz),En Üst Kat,5,11-15 arası,?,Eşyasız,Boş,28.000 TL,,Hayır,14.000 TL,,,Danışman,,İkinci El,,,,,,,,,,,,,,,
29 Kasım 2023,4970992,150,190m²,3+1,2,5,Merkezi Sistem (Isı Payı Ölçer),Ara Kat,2,11-15 arası,?,Eşyasız,Boş,0 TL,0 TL (aylık),Hayır,30.000 TL,,,Danışman,,Sıfır,,Evet,,,,,,,,,,,,,
29 Kasım 2023,4970610,70,75m²,2+1,2,4,Kombi (Doğalgaz),,1,21-25 arası,,Sadece Beyaz Eşya,Boş,0 TL,0 TL (aylık),Hayır,43.000 TL,,,,,İkinci El,,,,,,,,,,,,,,,
30 Kasım 2023,4914292,-,,,,,Yok,,,,,,,0 TL,0 TL (aylık),Hayır,590.000 TL,100m²,2,,,,,,,,,,,,,,,,,,
30 Kasım 2023,4901311,55,81m²,1+1,1,20 ve üzeri,Klima,Ara Kat,12,6-10 arası,?,Sadece Beyaz Eşya,Boş,0 TL,0 TL (aylık),Hayır,35.000 TL,,,,,,,,,,,,,,,,,,,,
30 Kasım 2023,4901289,141,171m²,3+1,2,20 ve üzeri,Klima,Bahçe Dubleksi,Bahçe katı,6-10 arası,?,Sadece Beyaz Eşya,Boş,0 TL,0 TL (aylık),Hayır,60.000 TL,,,,,,,,,,,,,,,,,,,,
30 Kasım 2023,4869566,120,145m²,3+1,2,10,Klima,,8,0,?,Eşyalı (Mobilyalı),Boş,0 TL,0 TL (aylık),Hayır,57.500 TL,,,,,,,,,,,,,,,,,,,,
30 Kasım 2023,4971542,100,105m²,3+1,1,4,Kombi (Doğalgaz),Bahçe Katı,Bahçe katı,16-20 arası,,Eşyasız,Boş,,0 TL (aylık),Hayır,17.500 TL,,,Danışman,,İkinci El,,Evet,,,,,,,,,,,,,
30 Kasım 2023,4971376,75,85m²,2+1,1,3,,,Bahçe katı,6-10 arası,,Eşyasız,Boş,0 TL,0 TL (aylık),Hayır,8.000 TL,,,,,,,,,,,,,,,,,,,,
30 Kasım 2023,4901348,358,409m²,4+1,3,20 ve üzeri,Merkezi Sistem (Isı Payı Ölçer),Ara Kat,6,6-10 arası,?,Eşyalı (Mobilyalı),Boş,0 TL,0 TL (aylık),Hayır,200.000 TL,,,,,,,,,,,,,,,,,,,,
30 Kasım 2023,4808421,,,,,5,Yok,,,,,,,15.000 TL,,Hayır,15.000 TL,150m²,,Danışman,Kat İrtifakı,,,,,4 (metre),,150 (m²),,,,,,,,,
30 Kasım 2023,4971565,,,,,2,Merkezi Sistem,,,5,,,Boş,,,Hayır,215.000 TL,1400m²,,Danışman,,İkinci El,,,,,,1400 (m²),3.7 (metre),Evet,,,,,,,
30 Kasım 2023,4901334,300,350m²,5+1,3,4,Klima,Ara Kat,3,6-10 arası,?,Sadece Beyaz Eşya,Boş,0 TL undefined,0 TL (aylık),Hayır,180.000 TL,,,,,,,,,,,,,,,,,,,,
29 Kasım 2023,4970893,90,160m²,2+1,2,20 ve üzeri,Merkezi Sistem (Isı Payı Ölçer),Ara Kat,20 ve üzeri,6-10 arası,?,Eşyasız,Boş,0 TL undefined,0 TL (aylık),Hayır,50.000 TL,,,,,,,,,,,,,,,,,,,,
30 Kasım 2023,4855584,150,190m²,3+1,2,10-20 arası,Merkezi Sistem (Isı Payı Ölçer),,2,6-10 arası,?,Eşyasız,Boş,0 TL,0 TL (aylık),Hayır,35.000 TL,,,,,,,,,,,,,,,,,,,,
29 Kasım 2023,4970259,64,74m²,1+1,1,7,Merkezi Sistem (Isı Payı Ölçer),Bahçe Katı,Bahçe katı,6-10 arası,,,,,,Hayır,15.000 TL,,,,,,,,,,,,,,,,,,,,
30 Kasım 2023,4971031,90,100m²,2+1,1,4,Soba (Doğalgaz),Ara Kat,2,11-15 arası,?,Eşyasız,Boş,7.000 TL undefined,0 TL (aylık),Hayır,7.000 TL,,,,,,,,,,,,,,,,,,,,
29 Kasım 2023,4970800,115,130m²,2+1,2,20 ve üzeri,Merkezi Sistem (Isı Payı Ölçer),Ara Kat,12,6-10 arası,?,Eşyalı (Mobilyalı),Boş,0 TL,0 TL (aylık),Hayır,59.000 TL,,,,,,,,,,,,,,,,,,,,
30 Kasım 2023,4524193,1100,1275m²,7+3,5,4,Kombi (Doğalgaz),Fourlex,,6-10 arası,?,,Boş,,,Hayır,485.000 TL,,,Danışman,Kat Mülkiyeti,İkinci El,,,Betonarme,,,,,Evet,,,,,,,
30 Kasım 2023,4835815,,,,,6,,,Çatı Katı,21-25 arası,,,Boş,50.000 TL,,Hayır,40.000 TL,180m²,1,Danışman,,,,,,,,,,,,,,,,,
30 Kasım 2023,4970459,130,140m²,4+1,1,4,,,4,0,?,Eşyasız,Boş,0 TL,0 TL (aylık),Hayır,18.000 TL,,,,,,,,,,,,,,,,,,,,
30 Kasım 2023,4971026,75,85m²,2+1,1,4,,Ara Kat,3,21-25 arası,?,Eşyasız,Boş,8.000 TL,0 TL (aylık),Hayır,8.000 TL,,,,,,,,,,,,,,,,,,,,
29 Kasım 2023,4970516,65,775m²,2+1,1,10-20 arası,Merkezi Sistem,Bahçe Katı,Bahçe katı,11-15 arası,,,Boş,25.000 TL,1.750 TL (aylık),Hayır,25.000 TL,,,Danışman,Kat Mülkiyeti,İkinci El,,,,,,,,,,,,,,,
30 Kasım 2023,4873303,,,,,,Kombi (Doğalgaz),,,6-10 arası,,,Kiracılı,0 TL,,Hayır,130.000 TL,1000m²,,,,,,,,,,,,,,,,,,,
29 Kasım 2023,4900423,120,134m²,2+1,2,4,Kombi (Doğalgaz),En Üst Kat,4,6-10 arası,?,Eşyasız,Boş,,,Hayır,47.000 TL,,,Danışman,Kat Mülkiyeti,İkinci El,,,,,,,,,,,,,,,
29 Kasım 2023,4869009,,,,,,Kombi (Doğalgaz),,6,11-15 arası,,,,0 TL,0 TL (aylık),Hayır,28.000 TL,130m²,,,,,,,,,,,,,,,,,,,
29 Kasım 2023,4900855,48,75m²,2+1,1,10-20 arası,Klima,Ara Kat,2,6-10 arası,?,Sadece Beyaz Eşya,Mülk Sahibi,0 TL,0 TL (aylık),Hayır,28.000 TL,,,,,,,,,,,,,,,,,,,,
29 Kasım 2023,4471176,200,240m²,4+1,3,10,Merkezi Sistem,Ara Kat,8,26-30 arası,?,Eşyalı (Mobilyalı),,,,Hayır,200.000 TL,,,Danışman,Kat Mülkiyeti,İkinci El,,,,,,,,,,,,,,,
29 Kasım 2023,4868915,148,170m²,4+1,2,10-20 arası,Kombi (Doğalgaz),Ara Kat,4,21-25 arası,?,Eşyasız,Boş,55.000 TL,2.405 TL (aylık),Hayır,55.000 TL,,,Danışman,Kat Mülkiyeti,İkinci El,,,,,,,,,,,,,,,
29 Kasım 2023,4868945,400,480m²,5+2,6 ve üzeri,4,Klima,,,16-20 arası,?,Eşyalı (Mobilyalı),Boş,0 TL,0 TL (aylık),Hayır,55.000 TL,,,,,,,,,,,,,,,,,,,,
29 Kasım 2023,4868441,160,200m²,4+1,2,4,Kombi (Doğalgaz),Bahçe Dubleksi,Giriş Katı,0,?,Eşyasız,Boş,,,Hayır,100.000 TL,,,,,Sıfır,,,,,,,,,,,,,,,
29 Kasım 2023,4900309,90,110m²,2+1,2,5,Kombi (Doğalgaz),Ara Kat,2,11-15 arası,?,Eşyasız,Boş,0 TL,0 TL (aylık),Hayır,12.000 TL,,,Danışman,,,,,,,,,,,,,,,,,
29 Kasım 2023,4941600,60,75m²,1+1,1,10-20 arası,Merkezi Sistem,Ara Kat,1,4,?,Eşyalı (Mobilyalı),Boş,0 TL undefined,0 TL (aylık),Hayır,13.500 TL,,,Danışman,,,,,,,,,,,,,,,,,
29 Kasım 2023,4650509,120,145m²,3+1,1,10-20 arası,Kombi (Doğalgaz),Ara Kat,12,21-25 arası,?,Eşyasız,Boş,22.000 TL,1.000 TL (aylık),Hayır,14.000 TL,,,Danışman,Kat Mülkiyeti,İkinci El,,,,,,,,,,,,,,,
29 Kasım 2023,4735922,260,290m²,4+1,2,4,Kombi (Doğalgaz),,3,21-25 arası,,,Boş,0 TL,0 TL (aylık),Hayır,45.000 TL,,,,,İkinci El,,,,,,,,,,,,,,,
30 Kasım 2023,4886536,70,90m²,1+1,1,2,Klima,,2,21-25 arası,?,Eşyalı (Mobilyalı),Boş,24.000 TL,0 TL (aylık),Hayır,10.500 TL,,,,,,,,,,,,,,,,,,,,
1 Aralık 2023,4825797,70,92m²,,,,,,,,,,,0 TL,700 TL (aylık),Hayır,15.000 TL,,,,,,,,,,,,,,,,,,,,
30 Kasım 2023,4753993,70,80m²,2+1,1,5,Kombi (Doğalgaz),Ara Kat,2,,,Eşyalı (Mobilyalı),Boş,,,Hayır,16.000 TL,,,,,İkinci El,,,,,,,,,,,,,,,
29 Kasım 2023,4970880,120,150m²,2+1,2,20 ve üzeri,Merkezi Sistem (Isı Payı Ölçer),Ara Kat,20 ve üzeri,4,,Eşyalı (Mobilyalı),Boş,142.000 TL,0 TL (aylık),Hayır,71.000 TL,,,,,,,,,,,,,,,,,,,,
30 Kasım 2023,4970465,,,,,7,Kombi (Doğalgaz),,,16-20 arası,,,Boş,0 TL,,Hayır,145.000 TL,1m²,,,,İkinci El,,,,,,,,Evet,,,,,,,
29 Kasım 2023,4971129,65,70m²,2+1,1,4,Kombi (Doğalgaz),Giriş Kat,Yüksek Giriş,21-25 arası,?,Eşyasız,Boş,15.000 TL,,Hayır,10.000 TL,,,Danışman,Kat İrtifakı,İkinci El,,,,,,,,,,,,,,,
30 Kasım 2023,4956563,60,84m²,1+1,1,5,Merkezi Sistem (Isı Payı Ölçer),Ara Kat,3,0,?,Eşyasız,Boş,0 TL,1.500 TL (aylık),Hayır,23.000 TL,,,,,,,,,,,,,,,,,,,,
30 Kasım 2023,4941982,40,45m²,1+1,1,6,Kombi (Doğalgaz),Ara Kat,5,36-40 arası,,,Boş,15.000 TL undefined,125 TL (aylık),Hayır,15.000 TL,,,Danışman,,,,,,,,,,,,,,,,,
29 Kasım 2023,4970840,69,104m²,2+1,2,20 ve üzeri,Merkezi Sistem (Isı Payı Ölçer),Ara Kat,5,6-10 arası,?,Eşyasız,Boş,32.000 TL,0 TL (aylık),Hayır,15.500 TL,,,,,,,,,,,,,,,,,,,,
